id,target
0,28
1,8
2,29
3,30
4,21
5,8
6,24
7,4
8,30
9,7
10,20
11,5
12,9
13,7
14,9
15,19
16,0
17,27
18,20
19,15
20,15
21,1
22,21
23,9
24,12
25,2
26,30
27,20
28,27
29,30
30,12
31,11
32,12
33,28
34,3
35,25
36,0
37,12
38,14
39,0
40,7
41,12
42,27
43,28
44,2
45,12
46,12
47,18
48,3
49,27
50,27
51,13
52,2
53,28
54,11
55,2
56,0
57,20
58,14
59,25
60,21
61,30
62,25
63,10
64,23
65,1
66,12
67,1
68,21
69,19
70,16
71,26
72,12
73,6
74,11
75,29
76,1
77,25
78,13
79,24
80,3
81,25
82,15
83,18
84,30
85,7
86,13
87,11
88,12
89,31
90,0
91,9
92,21
93,9
94,30
95,25
96,28
97,29
98,7
99,9
100,1
101,0
102,28
103,26
104,8
105,12
106,13
107,9
108,28
109,18
110,17
111,3
112,27
113,15
114,11
115,24
116,0
117,9
118,2
119,25
120,2
121,13
122,3
123,23
124,31
125,17
126,9
127,21
128,1
129,25
130,3
131,25
132,25
133,25
134,23
135,12
136,27
137,20
138,22
139,7
140,29
141,20
142,3
143,9
144,2
145,12
146,31
147,6
148,19
149,9
150,11
151,29
152,17
153,12
154,28
155,15
156,7
157,1
158,10
159,12
160,12
161,19
162,19
163,15
164,11
165,7
166,17
167,10
168,7
169,15
170,28
171,18
172,20
173,22
174,12
175,21
176,1
177,28
178,9
179,30
180,13
181,21
182,21
183,0
184,3
185,24
186,19
187,20
188,22
189,28
190,2
191,14
192,14
193,2
194,12
195,24
196,3
197,29
198,14
199,3
200,19
201,31
202,29
203,10
204,24
205,0
206,19
207,12
208,3
209,9
210,26
211,31
212,27
213,1
214,9
215,18
216,11
217,31
218,24
219,0
220,24
221,18
222,29
223,14
224,11
225,2
226,20
227,28
228,24
229,22
230,28
231,15
232,20
233,18
234,16
235,30
236,18
237,14
238,13
239,29
240,11
241,15
242,11
243,2
244,30
245,15
246,3
247,9
248,15
249,27
250,19
251,14
252,28
253,1
254,0
255,3
256,2
257,1
258,23
259,6
260,8
261,14
262,1
263,9
264,3
265,0
266,28
267,18
268,1
269,1
270,24
271,22
272,21
273,22
274,27
275,28
276,21
277,12
278,7
279,12
280,24
281,12
282,1
283,12
284,12
285,0
286,20
287,27
288,8
289,13
290,22
291,22
292,12
293,11
294,11
295,3
296,24
297,5
298,1
299,26
300,9
301,24
302,14
303,12
304,30
305,18
306,13
307,24
308,20
309,7
310,4
311,18
312,1
313,8
314,12
315,21
316,1
317,31
318,18
319,3
320,7
321,12
322,7
323,1
324,2
325,4
326,25
327,16
328,5
329,11
330,11
331,11
332,21
333,3
334,18
335,27
336,24
337,0
338,24
339,4
340,9
341,21
342,4
343,9
344,2
345,15
346,19
347,3
348,7
349,29
350,27
351,22
352,2
353,12
354,8
355,28
356,22
357,20
358,4
359,26
360,12
361,3
362,13
363,0
364,11
365,29
366,24
367,19
368,2
369,17
370,2
371,13
372,19
373,29
374,9
375,18
376,1
377,0
378,11
379,15
380,27
381,24
382,5
383,13
384,13
385,22
386,3
387,13
388,22
389,24
390,20
391,26
392,19
393,4
394,0
395,13
396,21
397,22
398,12
399,29
400,28
401,0
402,25
403,4
404,10
405,0
406,18
407,9
408,12
409,24
410,12
411,25
412,27
413,29
414,24
415,25
416,28
417,9
418,15
419,9
420,30
421,12
422,7
423,29
424,14
425,0
426,31
427,18
428,25
429,21
430,30
431,19
432,24
433,15
434,0
435,3
436,16
437,3
438,18
439,28
440,13
441,27
442,23
443,5
444,27
445,31
446,1
447,2
448,27
449,1
450,18
451,5
452,19
453,25
454,21
455,15
456,19
457,0
458,26
459,28
460,11
461,8
462,25
463,18
464,19
465,1
466,2
467,1
468,28
469,22
470,26
471,19
472,1
473,17
474,6
475,5
476,20
477,3
478,11
479,19
480,16
481,8
482,27
483,0
484,17
485,31
486,14
487,15
488,28
489,2
490,25
491,23
492,7
493,21
494,7
495,31
496,17
497,9
498,21
499,8
500,14
501,12
502,6
503,20
504,24
505,5
506,14
507,28
508,9
509,31
510,7
511,19
512,31
513,15
514,27
515,30
516,12
517,19
518,0
519,20
520,0
521,2
522,13
523,0
524,7
525,30
526,6
527,6
528,31
529,14
530,13
531,12
532,25
533,3
534,8
535,2
536,5
537,15
538,1
539,28
540,24
541,8
542,1
543,3
544,17
545,21
546,10
547,30
548,27
549,9
550,15
551,24
552,23
553,8
554,12
555,12
556,19
557,7
558,18
559,19
560,3
561,20
562,26
563,14
564,27
565,26
566,7
567,22
568,18
569,4
570,4
571,1
572,16
573,24
574,22
575,25
576,2
577,25
578,14
579,31
580,17
581,1
582,29
583,4
584,12
585,18
586,13
587,19
588,13
589,6
590,3
591,22
592,7
593,8
594,28
595,2
596,11
597,29
598,2
599,12
600,27
601,0
602,11
603,22
604,29
605,28
606,27
607,1
608,25
609,13
610,26
611,11
612,25
613,21
614,0
615,2
616,27
617,2
618,19
619,8
620,28
621,8
622,11
623,26
624,22
625,17
626,8
627,29
628,14
629,29
630,27
631,12
632,14
633,22
634,27
635,22
636,1
637,12
638,1
639,0
640,4
641,13
642,8
643,5
644,22
645,22
646,24
647,28
648,13
649,19
650,24
651,25
652,17
653,12
654,25
655,15
656,8
657,23
658,4
659,27
660,11
661,31
662,3
663,15
664,1
665,29
666,10
667,12
668,12
669,20
670,3
671,13
672,9
673,23
674,11
675,24
676,20
677,22
678,9
679,19
680,20
681,4
682,8
683,3
684,26
685,3
686,27
687,12
688,18
689,17
690,8
691,15
692,12
693,6
694,8
695,22
696,15
697,13
698,7
699,8
700,7
701,28
702,1
703,17
704,8
705,27
706,27
707,9
708,31
709,10
710,11
711,17
712,28
713,25
714,29
715,17
716,29
717,2
718,27
719,25
720,12
721,10
722,4
723,8
724,7
725,7
726,8
727,2
728,3
729,8
730,7
731,24
732,8
733,30
734,15
735,27
736,14
737,19
738,12
739,29
740,12
741,1
742,5
743,27
744,27
745,1
746,10
747,22
748,0
749,29
750,13
751,5
752,21
753,20
754,12
755,29
756,3
757,29
758,15
759,19
760,1
761,24
762,0
763,24
764,26
765,20
766,28
767,1
768,8
769,2
770,3
771,2
772,29
773,25
774,30
775,13
776,22
777,26
778,24
779,10
780,31
781,28
782,13
783,15
784,17
785,22
786,1
787,17
788,18
789,28
790,25
791,25
792,5
793,15
794,1
795,7
796,9
797,31
798,30
799,9
800,6
801,15
802,3
803,18
804,27
805,8
806,14
807,3
808,18
809,24
810,22
811,15
812,3
813,31
814,17
815,21
816,12
817,1
818,17
819,24
820,16
821,20
822,11
823,28
824,7
825,13
826,30
827,4
828,25
829,11
830,18
831,31
832,3
833,5
834,21
835,18
836,2
837,24
838,31
839,3
840,0
841,21
842,19
843,29
844,22
845,13
846,18
847,13
848,9
849,7
850,28
851,8
852,25
853,11
854,29
855,11
856,3
857,5
858,22
859,0
860,11
861,22
862,13
863,7
864,16
865,31
866,30
867,26
868,5
869,28
870,20
871,24
872,26
873,13
874,15
875,4
876,30
877,12
878,19
879,9
880,26
881,13
882,30
883,22
884,6
885,26
886,12
887,1
888,12
889,7
890,12
891,7
892,10
893,7
894,8
895,12
896,15
897,3
898,24
899,1
900,14
901,7
902,30
903,19
904,24
905,13
906,27
907,25
908,20
909,11
910,28
911,15
912,28
913,18
914,8
915,3
916,3
917,25
918,29
919,26
920,28
921,24
922,15
923,18
924,27
925,18
926,21
927,12
928,25
929,18
930,26
931,22
932,10
933,19
934,18
935,11
936,13
937,7
938,30
939,12
940,26
941,0
942,12
943,12
944,12
945,7
946,24
947,24
948,8
949,27
950,7
951,12
952,30
953,15
954,5
955,14
956,13
957,1
958,11
959,13
960,30
961,12
962,5
963,30
964,21
965,7
966,1
967,5
968,15
969,12
970,3
971,3
972,5
973,4
974,5
975,14
976,20
977,3
978,0
979,27
980,9
981,26
982,31
983,31
984,29
985,14
986,10
987,12
988,25
989,25
990,3
991,28
992,2
993,4
994,0
995,18
996,1
997,29
998,29
999,26
1000,20
1001,5
1002,8
1003,15
1004,4
1005,1
1006,17
1007,28
1008,11
1009,3
1010,13
1011,18
1012,7
1013,0
1014,30
1015,19
1016,5
1017,3
1018,24
1019,29
1020,18
1021,31
1022,12
1023,28
1024,15
1025,14
1026,3
1027,9
1028,17
1029,11
1030,12
1031,3
1032,0
1033,20
1034,18
1035,2
1036,25
1037,31
1038,30
1039,1
1040,31
1041,12
1042,11
1043,18
1044,25
1045,27
1046,7
1047,21
1048,24
1049,21
1050,3
1051,23
1052,3
1053,7
1054,0
1055,24
1056,14
1057,8
1058,9
1059,4
1060,23
1061,7
1062,24
1063,12
1064,16
1065,5
1066,13
1067,22
1068,21
1069,15
1070,7
1071,11
1072,3
1073,28
1074,18
1075,3
1076,18
1077,3
1078,14
1079,13
1080,10
1081,15
1082,1
1083,5
1084,23
1085,15
1086,0
1087,2
1088,8
1089,12
1090,29
1091,28
1092,13
1093,12
1094,12
1095,9
1096,11
1097,30
1098,10
1099,2
1100,19
1101,11
1102,3
1103,30
1104,15
1105,29
1106,2
1107,20
1108,22
1109,15
1110,2
1111,28
1112,15
1113,25
1114,8
1115,18
1116,13
1117,27
1118,14
1119,9
1120,8
1121,8
1122,15
1123,27
1124,5
1125,7
1126,8
1127,7
1128,15
1129,30
1130,12
1131,11
1132,14
1133,12
1134,13
1135,21
1136,2
1137,1
1138,4
1139,15
1140,17
1141,29
1142,24
1143,1
1144,15
1145,3
1146,14
1147,4
1148,17
1149,17
1150,25
1151,26
1152,2
1153,25
1154,12
1155,3
1156,14
1157,25
1158,13
1159,15
1160,15
1161,1
1162,26
1163,29
1164,3
1165,14
1166,13
1167,10
1168,3
1169,31
1170,29
1171,8
1172,2
1173,25
1174,31
1175,30
1176,3
1177,22
1178,21
1179,20
1180,26
1181,11
1182,1
1183,24
1184,3
1185,25
1186,18
1187,7
1188,14
1189,12
1190,29
1191,5
1192,30
1193,5
1194,15
1195,7
1196,30
1197,14
1198,27
1199,19
1200,4
1201,23
1202,1
1203,18
1204,0
1205,24
1206,8
1207,3
1208,4
1209,27
1210,0
1211,25
1212,25
1213,14
1214,14
1215,13
1216,17
1217,0
1218,27
1219,26
1220,20
1221,12
1222,14
1223,17
1224,29
1225,15
1226,15
1227,4
1228,11
1229,5
1230,26
1231,1
1232,3
1233,0
1234,9
1235,8
1236,16
1237,24
1238,5
1239,24
1240,31
1241,22
1242,9
1243,26
1244,18
1245,20
1246,18
1247,15
1248,28
1249,24
1250,1
1251,4
1252,5
1253,7
1254,4
1255,27
1256,23
1257,21
1258,24
1259,3
1260,8
1261,0
1262,4
1263,25
1264,0
1265,14
1266,15
1267,31
1268,18
1269,0
1270,25
1271,2
1272,7
1273,22
1274,8
1275,8
1276,18
1277,20
1278,12
1279,8
1280,3
1281,7
1282,21
1283,29
1284,22
1285,11
1286,28
1287,19
1288,15
1289,0
1290,15
1291,29
1292,13
1293,30
1294,21
1295,28
1296,30
1297,27
1298,19
1299,9
1300,0
1301,12
1302,11
1303,4
1304,1
1305,19
1306,9
1307,20
1308,0
1309,20
1310,3
1311,22
1312,13
1313,18
1314,21
1315,19
1316,12
1317,30
1318,8
1319,1
1320,16
1321,19
1322,3
1323,5
1324,11
1325,17
1326,20
1327,31
1328,13
1329,0
1330,20
1331,12
1332,6
1333,14
1334,1
1335,14
1336,0
1337,29
1338,27
1339,2
1340,28
1341,7
1342,3
1343,1
1344,19
1345,21
1346,3
1347,31
1348,18
1349,12
1350,26
1351,18
1352,1
1353,30
1354,17
1355,8
1356,3
1357,11
1358,15
1359,29
1360,12
1361,27
1362,8
1363,27
1364,21
1365,18
1366,12
1367,13
1368,8
1369,12
1370,12
1371,3
1372,24
1373,3
1374,18
1375,4
1376,13
1377,0
1378,16
1379,31
1380,14
1381,1
1382,26
1383,10
1384,1
1385,23
1386,25
1387,23
1388,0
1389,14
1390,22
1391,29
1392,5
1393,28
1394,1
1395,12
1396,27
1397,21
1398,16
1399,25
1400,26
1401,10
1402,12
1403,20
1404,22
1405,30
1406,4
1407,1
1408,10
1409,10
1410,12
1411,10
1412,23
1413,24
1414,15
1415,18
1416,12
1417,29
1418,31
1419,8
1420,29
1421,28
1422,12
1423,21
1424,1
1425,3
1426,27
1427,14
1428,21
1429,18
1430,22
1431,10
1432,25
1433,4
1434,21
1435,6
1436,18
1437,28
1438,12
1439,22
1440,11
1441,9
1442,26
1443,3
1444,15
1445,21
1446,4
1447,28
1448,25
1449,31
1450,4
1451,1
1452,20
1453,5
1454,28
1455,28
1456,25
1457,5
1458,4
1459,2
1460,9
1461,12
1462,28
1463,25
1464,0
1465,1
1466,17
1467,19
1468,15
1469,18
1470,27
1471,27
1472,18
1473,18
1474,14
1475,12
1476,9
1477,5
1478,22
1479,9
1480,18
1481,8
1482,3
1483,28
1484,15
1485,8
1486,21
1487,27
1488,13
1489,29
1490,12
1491,12
1492,25
1493,13
1494,10
1495,0
1496,6
1497,25
1498,7
1499,30
1500,25
1501,2
1502,22
1503,23
1504,25
1505,0
1506,7
1507,8
1508,2
1509,28
1510,20
1511,5
1512,11
1513,4
1514,18
1515,6
1516,12
1517,3
1518,17
1519,1
1520,8
1521,24
1522,13
1523,7
1524,14
1525,18
1526,11
1527,25
1528,24
1529,12
1530,29
1531,26
1532,11
1533,28
1534,19
1535,31
1536,5
1537,5
1538,11
1539,3
1540,27
1541,19
1542,0
1543,14
1544,29
1545,0
1546,30
1547,13
1548,27
1549,14
1550,4
1551,11
1552,16
1553,14
1554,10
1555,27
1556,10
1557,13
1558,15
1559,24
1560,20
1561,28
1562,22
1563,12
1564,20
1565,14
1566,5
1567,18
1568,22
1569,28
1570,12
1571,15
1572,8
1573,24
1574,21
1575,30
1576,2
1577,4
1578,28
1579,12
1580,2
1581,30
1582,19
1583,28
1584,5
1585,24
1586,24
1587,2
1588,6
1589,3
1590,21
1591,28
1592,22
1593,17
1594,4
1595,4
1596,9
1597,5
1598,4
1599,11
1600,29
1601,2
1602,13
1603,3
1604,30
1605,26
1606,29
1607,11
1608,14
1609,1
1610,8
1611,26
1612,7
1613,19
1614,2
1615,29
1616,7
1617,28
1618,20
1619,13
1620,12
1621,19
1622,16
1623,15
1624,15
1625,21
1626,4
1627,27
1628,9
1629,5
1630,31
1631,12
1632,13
1633,1
1634,18
1635,8
1636,14
1637,5
1638,29
1639,22
1640,10
1641,21
1642,14
1643,4
1644,7
1645,31
1646,11
1647,0
1648,9
1649,31
1650,3
1651,14
1652,23
1653,29
1654,12
1655,29
1656,27
1657,28
1658,20
1659,2
1660,28
1661,12
1662,28
1663,27
1664,3
1665,15
1666,8
1667,26
1668,1
1669,6
1670,27
1671,13
1672,17
1673,0
1674,22
1675,9
1676,20
1677,2
1678,18
1679,30
1680,31
1681,2
1682,9
1683,17
1684,3
1685,9
1686,31
1687,6
1688,1
1689,12
1690,6
1691,17
1692,22
1693,24
1694,26
1695,23
1696,7
1697,4
1698,13
1699,12
1700,24
1701,10
1702,1
1703,22
1704,11
1705,23
1706,0
1707,24
1708,9
1709,20
1710,2
1711,25
1712,6
1713,14
1714,25
1715,6
1716,14
1717,3
1718,11
1719,13
1720,11
1721,9
1722,27
1723,12
1724,7
1725,0
1726,30
1727,12
1728,9
1729,28
1730,29
1731,7
1732,21
1733,29
1734,15
1735,29
1736,11
1737,28
1738,20
1739,24
1740,8
1741,30
1742,27
1743,10
1744,31
1745,14
1746,28
1747,2
1748,2
1749,29
1750,9
1751,3
1752,17
1753,10
1754,6
1755,27
1756,6
1757,14
1758,14
1759,3
1760,22
1761,10
1762,18
1763,18
1764,12
1765,4
1766,22
1767,9
1768,8
1769,14
1770,18
1771,30
1772,26
1773,25
1774,10
1775,22
1776,20
1777,9
1778,1
1779,2
1780,17
1781,7
1782,27
1783,18
1784,13
1785,27
1786,19
1787,5
1788,30
1789,18
1790,2
1791,0
1792,12
1793,7
1794,19
1795,23
1796,0
1797,11
1798,16
1799,8
1800,3
1801,27
1802,17
1803,4
1804,5
1805,12
1806,4
1807,31
1808,14
1809,9
1810,26
1811,14
1812,24
1813,26
1814,15
1815,6
1816,12
1817,14
1818,22
1819,15
1820,3
1821,28
1822,19
1823,24
1824,6
1825,29
1826,0
1827,20
1828,14
1829,14
1830,20
1831,22
1832,4
1833,12
1834,1
1835,25
1836,10
1837,16
1838,21
1839,17
1840,5
1841,27
1842,20
1843,18
1844,27
1845,19
1846,8
1847,11
1848,22
1849,24
1850,11
1851,5
1852,7
1853,19
1854,14
1855,0
1856,17
1857,25
1858,22
1859,25
1860,21
1861,12
1862,26
1863,24
1864,28
1865,14
1866,15
1867,19
1868,15
1869,10
1870,10
1871,7
1872,6
1873,18
1874,18
1875,15
1876,4
1877,27
1878,12
1879,1
1880,18
1881,3
1882,7
1883,7
1884,19
1885,28
1886,27
1887,7
1888,4
1889,11
1890,3
1891,19
1892,29
1893,15
1894,7
1895,18
1896,19
1897,23
1898,1
1899,8
1900,11
1901,1
1902,11
1903,13
1904,31
1905,31
1906,8
1907,20
1908,16
1909,29
1910,15
1911,9
1912,12
1913,9
1914,28
1915,22
1916,22
1917,29
1918,26
1919,0
1920,14
1921,3
1922,27
1923,1
1924,0
1925,13
1926,15
1927,18
1928,29
1929,13
1930,0
1931,8
1932,1
1933,14
1934,12
1935,25
1936,26
1937,15
1938,25
1939,8
1940,26
1941,26
1942,5
1943,0
1944,23
1945,9
1946,18
1947,3
1948,31
1949,27
1950,27
1951,31
1952,6
1953,18
1954,12
1955,29
1956,3
1957,29
1958,2
1959,8
1960,8
1961,1
1962,12
1963,18
1964,7
1965,29
1966,14
1967,10
1968,28
1969,15
1970,20
1971,11
1972,6
1973,4
1974,31
1975,17
1976,29
1977,11
1978,27
1979,20
1980,2
1981,8
1982,12
1983,31
1984,8
1985,22
1986,22
1987,16
1988,27
1989,24
1990,24
1991,30
1992,12
1993,15
1994,12
1995,27
1996,0
1997,29
1998,25
1999,5
2000,3
2001,9
2002,16
2003,21
2004,21
2005,7
2006,29
2007,25
2008,30
2009,26
2010,13
2011,14
2012,9
2013,9
2014,14
2015,14
2016,12
2017,7
2018,12
2019,12
2020,26
2021,22
2022,7
2023,2
2024,24
2025,30
2026,31
2027,17
2028,0
2029,27
2030,11
2031,27
2032,29
2033,13
2034,8
2035,19
2036,9
2037,1
2038,26
2039,31
2040,29
2041,1
2042,15
2043,2
2044,12
2045,0
2046,24
2047,18
2048,14
2049,26
2050,7
2051,30
2052,21
2053,15
2054,24
2055,26
2056,11
2057,20
2058,8
2059,7
2060,19
2061,18
2062,15
2063,17
2064,28
2065,12
2066,20
2067,25
2068,5
2069,18
2070,3
2071,3
2072,18
2073,20
2074,5
2075,14
2076,21
2077,2
2078,6
2079,4
2080,0
2081,27
2082,18
2083,1
2084,5
2085,31
2086,1
2087,19
2088,2
2089,20
2090,25
2091,12
2092,2
2093,4
2094,27
2095,22
2096,10
2097,10
2098,3
2099,31
2100,22
2101,17
2102,5
2103,30
2104,21
2105,22
2106,0
2107,23
2108,21
2109,3
2110,30
2111,6
2112,12
2113,11
2114,7
2115,23
2116,2
2117,5
2118,20
2119,28
2120,23
2121,30
2122,8
2123,16
2124,3
2125,15
2126,30
2127,11
2128,12
2129,29
2130,1
2131,20
2132,14
2133,18
2134,10
2135,13
2136,26
2137,1
2138,11
2139,24
2140,14
2141,15
2142,21
2143,5
2144,5
2145,5
2146,25
2147,14
2148,13
2149,4
2150,3
2151,0
2152,24
2153,28
2154,3
2155,31
2156,29
2157,29
2158,24
2159,21
2160,28
2161,7
2162,8
2163,10
2164,3
2165,22
2166,13
2167,9
2168,12
2169,0
2170,6
2171,23
2172,18
2173,17
2174,18
2175,0
2176,4
2177,29
2178,29
2179,31
2180,31
2181,25
2182,24
2183,12
2184,10
2185,28
2186,30
2187,1
2188,19
2189,3
2190,25
2191,2
2192,28
2193,29
2194,0
2195,19
2196,17
2197,17
2198,31
2199,20
2200,17
2201,27
2202,16
2203,13
2204,0
2205,20
2206,12
2207,29
2208,22
2209,6
2210,9
2211,13
2212,11
2213,0
2214,28
2215,7
2216,31
2217,15
2218,21
2219,21
2220,23
2221,26
2222,29
2223,23
2224,9
2225,29
2226,13
2227,10
2228,21
2229,26
2230,0
2231,29
2232,20
2233,29
2234,9
2235,9
2236,15
2237,24
2238,12
2239,0
2240,4
2241,8
2242,14
2243,31
2244,23
2245,5
2246,11
2247,3
2248,30
2249,8
2250,9
2251,25
2252,27
2253,12
2254,0
2255,13
2256,17
2257,2
2258,30
2259,1
2260,7
2261,0
2262,5
2263,7
2264,5
2265,18
2266,8
2267,21
2268,8
2269,3
2270,25
2271,9
2272,17
2273,26
2274,3
2275,29
2276,26
2277,12
2278,1
2279,12
2280,1
2281,19
2282,3
2283,21
2284,2
2285,17
2286,10
2287,5
2288,23
2289,24
2290,6
2291,3
2292,17
2293,12
2294,3
2295,21
2296,10
2297,3
2298,26
2299,26
2300,12
2301,25
2302,15
2303,29
2304,8
2305,30
2306,20
2307,1
2308,13
2309,20
2310,26
2311,9
2312,18
2313,0
2314,20
2315,0
2316,29
2317,17
2318,3
2319,29
2320,0
2321,22
2322,11
2323,20
2324,12
2325,16
2326,26
2327,18
2328,8
2329,5
2330,7
2331,18
2332,3
2333,26
2334,15
2335,27
2336,10
2337,7
2338,12
2339,7
2340,9
2341,30
2342,5
2343,8
2344,5
2345,21
2346,19
2347,22
2348,24
2349,11
2350,29
2351,20
2352,28
2353,26
2354,22
2355,24
2356,28
2357,22
2358,21
2359,27
2360,19
2361,22
2362,28
2363,21
2364,12
2365,1
2366,0
2367,17
2368,30
2369,1
2370,4
2371,0
2372,19
2373,13
2374,12
2375,15
2376,19
2377,3
2378,4
2379,1
2380,25
2381,22
2382,2
2383,0
2384,1
2385,31
2386,19
2387,8
2388,12
2389,24
2390,2
2391,0
2392,15
2393,24
2394,18
2395,30
2396,17
2397,0
2398,20
2399,27
2400,28
2401,20
2402,30
2403,27
2404,14
2405,14
2406,31
2407,24
2408,14
2409,12
2410,28
2411,2
2412,26
2413,31
2414,3
2415,13
2416,3
2417,0
2418,0
2419,11
2420,19
2421,28
2422,5
2423,29
2424,18
2425,30
2426,21
2427,19
2428,10
2429,6
2430,5
2431,13
2432,9
2433,12
2434,5
2435,1
2436,15
2437,31
2438,11
2439,1
2440,3
2441,18
2442,3
2443,22
2444,13
2445,13
2446,12
2447,29
2448,28
2449,13
2450,4
2451,27
2452,21
2453,28
2454,3
2455,29
2456,27
2457,7
2458,20
2459,24
2460,1
2461,5
2462,4
2463,18
2464,2
2465,20
2466,30
2467,1
2468,3
2469,8
2470,10
2471,15
2472,12
2473,16
2474,10
2475,8
2476,2
2477,27
2478,14
2479,19
2480,4
2481,22
2482,3
2483,1
2484,12
2485,25
2486,28
2487,10
2488,31
2489,7
2490,23
2491,12
2492,7
2493,7
2494,0
2495,0
2496,20
2497,20
2498,7
2499,28
2500,20
2501,0
2502,11
2503,31
2504,11
2505,20
2506,0
2507,14
2508,12
2509,15
2510,10
2511,15
2512,23
2513,22
2514,22
2515,2
2516,28
2517,29
2518,31
2519,16
2520,9
2521,27
2522,8
2523,27
2524,9
2525,22
2526,20
2527,30
2528,21
2529,19
2530,9
2531,9
2532,29
2533,20
2534,20
2535,8
2536,26
2537,15
2538,2
2539,4
2540,3
2541,13
2542,18
2543,0
2544,23
2545,21
2546,7
2547,6
2548,11
2549,28
2550,5
2551,27
2552,27
2553,13
2554,2
2555,1
2556,2
2557,9
2558,22
2559,22
2560,16
2561,24
2562,8
2563,25
2564,31
2565,24
2566,11
2567,19
2568,9
2569,31
2570,12
2571,27
2572,20
2573,14
2574,11
2575,7
2576,0
2577,21
2578,3
2579,20
2580,27
2581,6
2582,5
2583,2
2584,27
2585,9
2586,4
2587,15
2588,18
2589,0
2590,10
2591,29
2592,8
2593,28
2594,7
2595,27
2596,20
2597,0
2598,29
2599,15
2600,29
2601,28
2602,18
2603,21
2604,5
2605,4
2606,3
2607,25
2608,31
2609,29
2610,14
2611,0
2612,13
2613,18
2614,14
2615,30
2616,0
2617,24
2618,3
2619,16
2620,4
2621,1
2622,9
2623,18
2624,13
2625,24
2626,3
2627,24
2628,28
2629,8
2630,29
2631,17
2632,31
2633,24
2634,25
2635,17
2636,9
2637,18
2638,13
2639,27
2640,31
2641,29
2642,9
2643,30
2644,13
2645,29
2646,31
2647,31
2648,0
2649,19
2650,29
2651,20
2652,4
2653,16
2654,20
2655,15
2656,14
2657,0
2658,25
2659,8
2660,29
2661,8
2662,30
2663,8
2664,13
2665,27
2666,12
2667,27
2668,21
2669,8
2670,26
2671,4
2672,11
2673,11
2674,21
2675,13
2676,6
2677,29
2678,27
2679,19
2680,10
2681,8
2682,25
2683,3
2684,24
2685,26
2686,4
2687,18
2688,8
2689,30
2690,4
2691,22
2692,28
2693,27
2694,0
2695,9
2696,25
2697,27
2698,27
2699,1
2700,5
2701,25
2702,28
2703,1
2704,23
2705,8
2706,30
2707,22
2708,29
2709,11
2710,12
2711,5
2712,3
2713,13
2714,14
2715,5
2716,14
2717,13
2718,12
2719,20
2720,0
2721,15
2722,31
2723,20
2724,18
2725,11
2726,9
2727,1
2728,2
2729,6
2730,29
2731,27
2732,2
2733,15
2734,12
2735,21
2736,3
2737,23
2738,30
2739,7
2740,19
2741,3
2742,31
2743,9
2744,6
2745,13
2746,18
2747,17
2748,27
2749,2
2750,18
2751,25
2752,24
2753,26
2754,26
2755,0
2756,11
2757,10
2758,12
2759,1
2760,12
2761,27
2762,29
2763,17
2764,3
2765,2
2766,24
2767,21
2768,28
2769,20
2770,19
2771,5
2772,8
2773,29
2774,31
2775,10
2776,29
2777,28
2778,5
2779,6
2780,26
2781,28
2782,5
2783,28
2784,5
2785,4
2786,2
2787,1
2788,17
2789,5
2790,1
2791,25
2792,8
2793,27
2794,4
2795,11
2796,18
2797,22
2798,15
2799,3
2800,0
2801,15
2802,7
2803,27
2804,21
2805,3
2806,29
2807,15
2808,4
2809,24
2810,22
2811,17
2812,27
2813,9
2814,5
2815,1
2816,1
2817,7
2818,1
2819,9
2820,26
2821,14
2822,31
2823,20
2824,23
2825,2
2826,13
2827,26
2828,18
2829,22
2830,0
2831,12
2832,15
2833,16
2834,13
2835,8
2836,27
2837,25
2838,24
2839,22
2840,22
2841,19
2842,8
2843,14
2844,22
2845,16
2846,8
2847,3
2848,7
2849,13
2850,4
2851,18
2852,1
2853,22
2854,29
2855,1
2856,21
2857,20
2858,11
2859,25
2860,10
2861,8
2862,12
2863,13
2864,9
2865,7
2866,22
2867,2
2868,28
2869,5
2870,24
2871,18
2872,28
2873,13
2874,0
2875,12
2876,5
2877,24
2878,19
2879,3
2880,7
2881,20
2882,21
2883,23
2884,29
2885,0
2886,23
2887,23
2888,25
2889,29
2890,8
2891,3
2892,0
2893,23
2894,29
2895,18
2896,25
2897,4
2898,24
2899,21
2900,21
2901,15
2902,3
2903,27
2904,20
2905,4
2906,18
2907,12
2908,12
2909,28
2910,7
2911,11
2912,5
2913,15
2914,5
2915,19
2916,8
2917,14
2918,8
2919,2
2920,9
2921,30
2922,13
2923,13
2924,19
2925,11
2926,29
2927,1
2928,1
2929,22
2930,12
2931,15
2932,28
2933,25
2934,22
2935,12
2936,5
2937,9
2938,17
2939,14
2940,4
2941,12
2942,3
2943,25
2944,26
2945,15
2946,11
2947,25
2948,27
2949,0
2950,15
2951,3
2952,30
2953,16
2954,6
2955,22
2956,1
2957,20
2958,13
2959,26
2960,24
2961,12
2962,28
2963,8
2964,8
2965,20
2966,20
2967,24
2968,19
2969,8
2970,16
2971,26
2972,15
2973,24
2974,28
2975,25
2976,8
2977,8
2978,27
2979,9
2980,9
2981,3
2982,12
2983,17
2984,18
2985,14
2986,13
2987,11
2988,0
2989,12
2990,0
2991,19
2992,0
2993,28
2994,26
2995,12
2996,3
2997,14
2998,30
2999,1
3000,7
3001,1
3002,5
3003,8
3004,20
3005,18
3006,7
3007,16
3008,15
3009,0
3010,13
3011,0
3012,28
3013,23
3014,0
3015,12
3016,12
3017,29
3018,27
3019,6
3020,11
3021,19
3022,3
3023,8
3024,0
3025,9
3026,31
3027,24
3028,3
3029,14
3030,7
3031,4
3032,8
3033,11
3034,7
3035,22
3036,10
3037,6
3038,11
3039,27
3040,25
3041,11
3042,3
3043,14
3044,19
3045,14
3046,29
3047,2
3048,26
3049,5
3050,21
3051,3
3052,27
3053,15
3054,26
3055,18
3056,0
3057,10
3058,9
3059,29
3060,0
3061,18
3062,29
3063,27
3064,24
3065,12
3066,1
3067,9
3068,12
3069,21
3070,26
3071,11
3072,31
3073,15
3074,25
3075,16
3076,19
3077,31
3078,17
3079,17
3080,24
3081,24
3082,7
3083,19
3084,20
3085,24
3086,1
3087,24
3088,6
3089,19
3090,11
3091,1
3092,18
3093,9
3094,14
3095,11
3096,15
3097,0
3098,26
3099,13
3100,13
3101,4
3102,1
3103,29
3104,24
3105,1
3106,15
3107,31
3108,3
3109,6
3110,16
3111,14
3112,13
3113,13
3114,18
3115,15
3116,25
3117,6
3118,18
3119,29
3120,10
3121,19
3122,24
3123,2
3124,7
3125,18
3126,7
3127,8
3128,28
3129,0
3130,0
3131,12
3132,28
3133,31
3134,12
3135,0
3136,2
3137,3
3138,31
3139,13
3140,3
3141,31
3142,27
3143,28
3144,7
3145,11
3146,26
3147,2
3148,12
3149,12
3150,7
3151,22
3152,23
3153,21
3154,4
3155,29
3156,28
3157,28
3158,4
3159,3
3160,24
3161,9
3162,11
3163,12
3164,20
3165,25
3166,6
3167,8
3168,15
3169,28
3170,26
3171,4
3172,31
3173,12
3174,31
3175,8
3176,24
3177,7
3178,21
3179,2
3180,27
3181,30
3182,13
3183,25
3184,2
3185,20
3186,12
3187,11
3188,3
3189,31
3190,29
3191,9
3192,8
3193,24
3194,1
3195,9
3196,31
3197,1
3198,1
3199,1
3200,6
3201,28
3202,19
3203,12
3204,22
3205,2
3206,18
3207,24
3208,9
3209,29
3210,3
3211,12
3212,20
3213,24
3214,30
3215,14
3216,24
3217,22
3218,7
3219,3
3220,18
3221,7
3222,25
3223,4
3224,7
3225,27
3226,10
3227,15
3228,7
3229,13
3230,27
3231,7
3232,11
3233,26
3234,22
3235,8
3236,28
3237,23
3238,1
3239,1
3240,26
3241,15
3242,7
3243,8
3244,8
3245,6
3246,12
3247,31
3248,14
3249,24
3250,3
3251,19
3252,18
3253,29
3254,20
3255,7
3256,0
3257,12
3258,30
3259,20
3260,3
3261,26
3262,24
3263,17
3264,5
3265,21
3266,29
3267,21
3268,20
3269,28
3270,9
3271,20
3272,2
3273,11
3274,10
3275,18
3276,8
3277,27
3278,3
3279,14
3280,12
3281,27
3282,29
3283,10
3284,27
3285,27
3286,6
3287,19
3288,14
3289,29
3290,21
3291,22
3292,8
3293,19
3294,22
3295,20
3296,0
3297,29
3298,22
3299,13
3300,14
3301,29
3302,29
3303,8
3304,3
3305,2
3306,1
3307,7
3308,12
3309,13
3310,7
3311,24
3312,9
3313,6
3314,11
3315,28
3316,24
3317,15
3318,11
3319,25
3320,9
3321,31
3322,11
3323,18
3324,13
3325,23
3326,3
3327,27
3328,11
3329,6
3330,9
3331,0
3332,5
3333,22
3334,13
3335,11
3336,15
3337,8
3338,0
3339,11
3340,8
3341,3
3342,19
3343,24
3344,4
3345,29
3346,11
3347,7
3348,31
3349,23
3350,23
3351,29
3352,26
3353,24
3354,18
3355,0
3356,31
3357,8
3358,9
3359,11
3360,25
3361,14
3362,17
3363,3
3364,3
3365,12
3366,5
3367,24
3368,7
3369,20
3370,8
3371,15
3372,25
3373,14
3374,8
3375,8
3376,26
3377,3
3378,4
3379,3
3380,13
3381,19
3382,2
3383,9
3384,13
3385,2
3386,15
3387,0
3388,1
3389,20
3390,25
3391,13
3392,22
3393,20
3394,3
3395,8
3396,12
3397,24
3398,3
3399,6
3400,15
3401,30
3402,15
3403,29
3404,0
3405,15
3406,12
3407,28
3408,2
3409,21
3410,2
3411,14
3412,24
3413,5
3414,8
3415,20
3416,14
3417,9
3418,28
3419,28
3420,8
3421,1
3422,29
3423,29
3424,11
3425,2
3426,8
3427,26
3428,12
3429,15
3430,19
3431,29
3432,21
3433,4
3434,17
3435,31
3436,8
3437,3
3438,30
3439,5
3440,16
3441,30
3442,7
3443,12
3444,6
3445,27
3446,17
3447,1
3448,5
3449,31
3450,6
3451,11
3452,22
3453,28
3454,29
3455,18
3456,21
3457,0
3458,5
3459,5
3460,1
3461,25
3462,4
3463,13
3464,13
3465,31
3466,2
3467,29
3468,11
3469,4
3470,22
3471,6
3472,11
3473,8
3474,12
3475,28
3476,0
3477,5
3478,0
3479,5
3480,13
3481,20
3482,12
3483,5
3484,20
3485,23
3486,21
3487,0
3488,20
3489,16
3490,22
3491,25
3492,2
3493,28
3494,15
3495,5
3496,24
3497,28
3498,24
3499,3
3500,28
3501,24
3502,7
3503,8
3504,31
3505,3
3506,28
3507,17
3508,14
3509,9
3510,3
3511,18
3512,12
3513,20
3514,22
3515,28
3516,25
3517,29
3518,12
3519,28
3520,15
3521,18
3522,31
3523,12
3524,13
3525,1
3526,1
3527,17
3528,11
3529,31
3530,26
3531,22
3532,29
3533,29
3534,29
3535,20
3536,21
3537,29
3538,14
3539,0
3540,14
3541,4
3542,26
3543,26
3544,28
3545,10
3546,20
3547,3
3548,2
3549,2
3550,30
3551,18
3552,31
3553,8
3554,22
3555,16
3556,3
3557,20
3558,25
3559,30
3560,24
3561,7
3562,23
3563,26
3564,8
3565,8
3566,14
3567,18
3568,13
3569,19
3570,21
3571,29
3572,22
3573,25
3574,15
3575,20
3576,29
3577,28
3578,1
3579,28
3580,28
3581,3
3582,23
3583,18
3584,1
3585,27
3586,4
3587,3
3588,25
3589,28
3590,17
3591,16
3592,2
3593,28
3594,27
3595,28
3596,2
3597,0
3598,11
3599,29
3600,3
3601,3
3602,24
3603,5
3604,15
3605,7
3606,28
3607,18
3608,0
3609,4
3610,15
3611,12
3612,1
3613,27
3614,20
3615,1
3616,28
3617,0
3618,8
3619,17
3620,26
3621,9
3622,27
3623,2
3624,28
3625,9
3626,12
3627,2
3628,14
3629,22
3630,5
3631,12
3632,9
3633,11
3634,5
3635,22
3636,13
3637,19
3638,21
3639,30
3640,6
3641,26
3642,29
3643,15
3644,11
3645,1
3646,14
3647,26
3648,19
3649,1
3650,25
3651,12
3652,5
3653,23
3654,0
3655,0
3656,7
3657,9
3658,21
3659,11
3660,12
3661,2
3662,28
3663,18
3664,7
3665,5
3666,4
3667,30
3668,5
3669,9
3670,2
3671,25
3672,1
3673,5
3674,27
3675,15
3676,0
3677,29
3678,28
3679,15
3680,3
3681,15
3682,29
3683,8
3684,15
3685,22
3686,3
3687,20
3688,10
3689,25
3690,7
3691,3
3692,28
3693,21
3694,2
3695,14
3696,7
3697,31
3698,2
3699,8
3700,9
3701,8
3702,15
3703,1
3704,18
3705,27
3706,29
3707,1
3708,12
3709,28
3710,8
3711,10
3712,8
3713,13
3714,24
3715,28
3716,0
3717,31
3718,8
3719,12
3720,11
3721,18
3722,28
3723,0
3724,31
3725,31
3726,1
3727,13
3728,19
3729,18
3730,14
3731,12
3732,29
3733,27
3734,28
3735,20
3736,20
3737,28
3738,24
3739,21
3740,17
3741,12
3742,22
3743,18
3744,10
3745,1
3746,18
3747,13
3748,19
3749,11
3750,29
3751,18
3752,7
3753,29
3754,15
3755,13
3756,14
3757,5
3758,12
3759,16
3760,27
3761,25
3762,24
3763,2
3764,3
3765,11
3766,4
3767,28
3768,18
3769,18
3770,1
3771,3
3772,1
3773,28
3774,0
3775,18
3776,23
3777,30
3778,15
3779,27
3780,0
3781,12
3782,24
3783,4
3784,1
3785,27
3786,30
3787,5
3788,30
3789,25
3790,4
3791,29
3792,24
3793,12
3794,0
3795,26
3796,7
3797,1
3798,13
3799,0
3800,1
3801,18
3802,15
3803,13
3804,20
3805,4
3806,30
3807,12
3808,15
3809,3
3810,14
3811,12
3812,27
3813,3
3814,6
3815,14
3816,29
3817,21
3818,2
3819,7
3820,28
3821,3
3822,29
3823,21
3824,27
3825,12
3826,28
3827,9
3828,10
3829,9
3830,18
3831,27
3832,5
3833,28
3834,2
3835,20
3836,18
3837,30
3838,18
3839,31
