id,class
0000.png,55
0001.png,55
0002.png,55
0003.png,55
0004.png,55
0005.png,55
0006.png,55
0007.png,55
0008.png,55
0009.png,55
0010.png,55
0011.png,55
0012.png,55
0013.png,55
0014.png,55
0015.png,55
0016.png,55
0017.png,55
0018.png,55
0019.png,55
0020.png,55
0021.png,55
0022.png,55
0023.png,55
0024.png,55
0025.png,55
0026.png,55
0027.png,55
0028.png,55
0029.png,55
0030.png,55
0031.png,55
0032.png,55
0033.png,55
0034.png,55
0035.png,55
0036.png,55
0037.png,55
0038.png,55
0039.png,55
0040.png,55
0041.png,55
0042.png,55
0043.png,55
0044.png,55
0045.png,55
0046.png,55
0047.png,55
0048.png,55
0049.png,55
0050.png,55
0051.png,55
0052.png,55
0053.png,55
0054.png,55
0055.png,55
0056.png,55
0057.png,55
0058.png,55
0059.png,55
0060.png,55
0061.png,55
0062.png,55
0063.png,55
0064.png,55
0065.png,55
0066.png,55
0067.png,55
0068.png,55
0069.png,55
0070.png,55
0071.png,55
0072.png,55
0073.png,55
0074.png,55
0075.png,55
0076.png,55
0077.png,55
0078.png,55
0079.png,55
0080.png,55
0081.png,55
0082.png,55
0083.png,55
0084.png,55
0085.png,55
0086.png,55
0087.png,55
0088.png,55
0089.png,55
0090.png,55
0091.png,55
0092.png,55
0093.png,55
0094.png,55
0095.png,55
0096.png,55
0097.png,55
0098.png,55
0099.png,55
0100.png,55
0101.png,55
0102.png,55
0103.png,55
0104.png,55
0105.png,55
0106.png,55
0107.png,55
0108.png,55
0109.png,55
0110.png,55
0111.png,55
0112.png,55
0113.png,55
0114.png,55
0115.png,55
0116.png,55
0117.png,55
0118.png,55
0119.png,55
0120.png,55
0121.png,55
0122.png,55
0123.png,55
0124.png,55
0125.png,55
0126.png,55
0127.png,55
0128.png,55
0129.png,55
0130.png,55
0131.png,55
0132.png,55
0133.png,55
0134.png,55
0135.png,55
0136.png,55
0137.png,55
0138.png,55
0139.png,55
0140.png,55
0141.png,55
0142.png,55
0143.png,55
0144.png,55
0145.png,55
0146.png,55
0147.png,55
0148.png,55
0149.png,55
0150.png,55
0151.png,55
0152.png,55
0153.png,55
0154.png,55
0155.png,55
0156.png,55
0157.png,55
0158.png,55
0159.png,55
0160.png,55
0161.png,55
0162.png,55
0163.png,55
0164.png,55
0165.png,55
0166.png,55
0167.png,55
0168.png,55
0169.png,55
0170.png,55
0171.png,55
0172.png,55
0173.png,55
0174.png,55
0175.png,55
0176.png,55
0177.png,55
0178.png,55
0179.png,55
0180.png,55
0181.png,55
0182.png,55
0183.png,55
0184.png,55
0185.png,55
0186.png,55
0187.png,55
0188.png,55
0189.png,55
0190.png,55
0191.png,55
0192.png,55
0193.png,55
0194.png,55
0195.png,55
0196.png,55
0197.png,55
0198.png,55
0199.png,55
0200.png,55
0201.png,55
0202.png,55
0203.png,55
0204.png,55
0205.png,55
0206.png,55
0207.png,55
0208.png,55
0209.png,55
0210.png,55
0211.png,55
0212.png,55
0213.png,55
0214.png,55
0215.png,55
0216.png,55
0217.png,55
0218.png,55
0219.png,55
0220.png,55
0221.png,55
0222.png,55
0223.png,55
0224.png,55
0225.png,55
0226.png,55
0227.png,55
0228.png,55
0229.png,55
0230.png,55
0231.png,55
0232.png,55
0233.png,55
0234.png,55
0235.png,55
0236.png,55
0237.png,55
0238.png,55
0239.png,55
0240.png,55
0241.png,55
0242.png,55
0243.png,55
0244.png,55
0245.png,55
0246.png,55
0247.png,55
0248.png,55
0249.png,55
0250.png,55
0251.png,55
0252.png,55
0253.png,55
0254.png,55
0255.png,55
0256.png,55
0257.png,55
0258.png,55
0259.png,55
0260.png,55
0261.png,55
0262.png,55
0263.png,55
0264.png,55
0265.png,55
0266.png,55
0267.png,55
0268.png,55
0269.png,55
0270.png,55
0271.png,55
0272.png,55
0273.png,55
0274.png,55
0275.png,55
0276.png,55
0277.png,55
0278.png,55
0279.png,55
0280.png,55
0281.png,55
0282.png,55
0283.png,55
0284.png,55
0285.png,55
0286.png,55
0287.png,55
0288.png,55
0289.png,55
0290.png,55
0291.png,55
0292.png,55
0293.png,55
0294.png,55
0295.png,55
0296.png,55
0297.png,55
0298.png,55
0299.png,55
0300.png,55
0301.png,55
0302.png,55
0303.png,55
0304.png,55
0305.png,55
0306.png,55
0307.png,55
0308.png,55
0309.png,55
0310.png,55
0311.png,55
0312.png,55
0313.png,55
0314.png,55
0315.png,55
0316.png,55
0317.png,55
0318.png,55
0319.png,55
0320.png,55
0321.png,55
0322.png,55
0323.png,55
0324.png,55
0325.png,55
0326.png,55
0327.png,55
0328.png,55
0329.png,55
0330.png,55
0331.png,55
0332.png,55
0333.png,55
0334.png,55
0335.png,55
0336.png,55
0337.png,55
0338.png,55
0339.png,55
0340.png,55
0341.png,55
0342.png,55
0343.png,55
0344.png,55
0345.png,55
0346.png,55
0347.png,55
0348.png,55
0349.png,55
0350.png,55
0351.png,55
0352.png,55
0353.png,55
0354.png,55
0355.png,55
0356.png,55
0357.png,55
0358.png,55
0359.png,55
0360.png,55
0361.png,55
0362.png,55
0363.png,55
0364.png,55
0365.png,55
0366.png,55
0367.png,55
0368.png,55
0369.png,55
0370.png,55
0371.png,55
0372.png,55
0373.png,55
0374.png,55
0375.png,55
0376.png,55
0377.png,55
0378.png,55
0379.png,55
0380.png,55
0381.png,55
0382.png,55
0383.png,55
0384.png,55
0385.png,55
0386.png,55
0387.png,55
0388.png,55
0389.png,55
0390.png,55
0391.png,55
0392.png,55
0393.png,55
0394.png,55
0395.png,55
0396.png,55
0397.png,55
0398.png,55
0399.png,55
0400.png,55
0401.png,55
0402.png,55
0403.png,55
0404.png,55
0405.png,55
0406.png,55
0407.png,55
0408.png,55
0409.png,55
0410.png,55
0411.png,55
0412.png,55
0413.png,55
0414.png,55
0415.png,55
0416.png,55
0417.png,55
0418.png,55
0419.png,55
0420.png,55
0421.png,55
0422.png,55
0423.png,55
0424.png,55
0425.png,55
0426.png,55
0427.png,55
0428.png,55
0429.png,55
0430.png,55
0431.png,55
0432.png,55
0433.png,55
0434.png,55
0435.png,55
0436.png,55
0437.png,55
0438.png,55
0439.png,55
0440.png,55
0441.png,55
0442.png,55
0443.png,55
0444.png,55
0445.png,55
0446.png,55
0447.png,55
0448.png,55
0449.png,55
0450.png,55
0451.png,55
0452.png,55
0453.png,55
0454.png,55
0455.png,55
0456.png,55
0457.png,55
0458.png,55
0459.png,55
0460.png,55
0461.png,55
0462.png,55
0463.png,55
0464.png,55
0465.png,55
0466.png,55
0467.png,55
0468.png,55
0469.png,55
0470.png,55
0471.png,55
0472.png,55
0473.png,55
0474.png,55
0475.png,55
0476.png,55
0477.png,55
0478.png,55
0479.png,55
0480.png,55
0481.png,55
0482.png,55
0483.png,55
0484.png,55
0485.png,55
0486.png,55
0487.png,55
0488.png,55
0489.png,55
0490.png,55
0491.png,55
0492.png,55
0493.png,55
0494.png,55
0495.png,55
0496.png,55
0497.png,55
0498.png,55
0499.png,55
0500.png,55
0501.png,55
0502.png,55
0503.png,55
0504.png,55
0505.png,55
0506.png,55
0507.png,55
0508.png,55
0509.png,55
0510.png,55
0511.png,55
0512.png,55
0513.png,55
0514.png,55
0515.png,55
0516.png,55
0517.png,55
0518.png,55
0519.png,55
0520.png,55
0521.png,55
0522.png,55
0523.png,55
0524.png,55
0525.png,55
0526.png,55
0527.png,55
0528.png,55
0529.png,55
0530.png,55
0531.png,55
0532.png,55
0533.png,55
0534.png,55
0535.png,55
0536.png,55
0537.png,55
0538.png,55
0539.png,55
0540.png,55
0541.png,55
0542.png,55
0543.png,55
0544.png,55
0545.png,55
0546.png,55
0547.png,55
0548.png,55
0549.png,55
0550.png,55
0551.png,55
0552.png,55
0553.png,55
0554.png,55
0555.png,55
0556.png,55
0557.png,55
0558.png,55
0559.png,55
0560.png,55
0561.png,55
0562.png,55
0563.png,55
0564.png,55
0565.png,55
0566.png,55
0567.png,55
0568.png,55
0569.png,55
0570.png,55
0571.png,55
0572.png,55
0573.png,55
0574.png,55
0575.png,55
0576.png,55
0577.png,55
0578.png,55
0579.png,55
0580.png,55
0581.png,55
0582.png,55
0583.png,55
0584.png,55
0585.png,55
0586.png,55
0587.png,55
0588.png,55
0589.png,55
0590.png,55
0591.png,55
0592.png,55
0593.png,55
0594.png,55
0595.png,55
0596.png,55
0597.png,55
0598.png,55
0599.png,55
0600.png,55
0601.png,55
0602.png,55
0603.png,55
0604.png,55
0605.png,55
0606.png,55
0607.png,55
0608.png,55
0609.png,55
0610.png,55
0611.png,55
0612.png,55
0613.png,55
0614.png,55
0615.png,55
0616.png,55
0617.png,55
0618.png,55
0619.png,55
0620.png,55
0621.png,55
0622.png,55
0623.png,55
0624.png,55
0625.png,55
0626.png,55
0627.png,55
0628.png,55
0629.png,55
0630.png,55
0631.png,55
0632.png,55
0633.png,55
0634.png,55
0635.png,55
0636.png,55
0637.png,55
0638.png,55
0639.png,55
0640.png,55
0641.png,55
0642.png,55
0643.png,55
0644.png,55
0645.png,55
0646.png,55
0647.png,55
0648.png,55
0649.png,55
0650.png,55
0651.png,55
0652.png,55
0653.png,55
0654.png,55
0655.png,55
0656.png,55
0657.png,55
0658.png,55
0659.png,55
0660.png,55
0661.png,55
0662.png,55
0663.png,55
0664.png,55
0665.png,55
0666.png,55
0667.png,55
0668.png,55
0669.png,55
0670.png,55
0671.png,55
0672.png,55
0673.png,55
0674.png,55
0675.png,55
0676.png,55
0677.png,55
0678.png,55
0679.png,55
0680.png,55
0681.png,55
0682.png,55
0683.png,55
0684.png,55
0685.png,55
0686.png,55
0687.png,55
0688.png,55
0689.png,55
0690.png,55
0691.png,55
0692.png,55
0693.png,55
0694.png,55
0695.png,55
0696.png,55
0697.png,55
0698.png,55
0699.png,55
0700.png,55
0701.png,55
0702.png,55
0703.png,55
0704.png,55
0705.png,55
0706.png,55
0707.png,55
0708.png,55
0709.png,55
0710.png,55
0711.png,55
0712.png,55
0713.png,55
0714.png,55
0715.png,55
0716.png,55
0717.png,55
0718.png,55
0719.png,55
0720.png,55
0721.png,55
0722.png,55
0723.png,55
0724.png,55
0725.png,55
0726.png,55
0727.png,55
0728.png,55
0729.png,55
0730.png,55
0731.png,55
0732.png,55
0733.png,55
0734.png,55
0735.png,55
0736.png,55
0737.png,55
0738.png,55
0739.png,55
0740.png,55
0741.png,55
0742.png,55
0743.png,55
0744.png,55
0745.png,55
0746.png,55
0747.png,55
0748.png,55
0749.png,55
0750.png,55
0751.png,55
0752.png,55
0753.png,55
0754.png,55
0755.png,55
0756.png,55
0757.png,55
0758.png,55
0759.png,55
0760.png,55
0761.png,55
0762.png,55
0763.png,55
0764.png,55
0765.png,55
0766.png,55
0767.png,55
0768.png,55
0769.png,55
0770.png,55
0771.png,55
0772.png,55
0773.png,55
0774.png,55
0775.png,55
0776.png,55
0777.png,55
0778.png,55
0779.png,55
0780.png,55
0781.png,55
0782.png,55
0783.png,55
0784.png,55
0785.png,55
0786.png,55
0787.png,55
0788.png,55
0789.png,55
0790.png,55
0791.png,55
0792.png,55
0793.png,55
0794.png,55
0795.png,55
0796.png,55
0797.png,55
0798.png,55
0799.png,55
0800.png,55
0801.png,55
0802.png,55
0803.png,55
0804.png,55
0805.png,55
0806.png,55
0807.png,55
0808.png,55
0809.png,55
0810.png,55
0811.png,55
0812.png,55
0813.png,55
0814.png,55
0815.png,55
0816.png,55
0817.png,55
0818.png,55
0819.png,55
0820.png,55
0821.png,55
0822.png,55
0823.png,55
0824.png,55
0825.png,55
0826.png,55
0827.png,55
0828.png,55
0829.png,55
0830.png,55
0831.png,55
0832.png,55
0833.png,55
0834.png,55
0835.png,55
0836.png,55
0837.png,55
0838.png,55
0839.png,55
0840.png,55
0841.png,55
0842.png,55
0843.png,55
0844.png,55
0845.png,55
0846.png,55
0847.png,55
0848.png,55
0849.png,55
0850.png,55
0851.png,55
0852.png,55
0853.png,55
0854.png,55
0855.png,55
0856.png,55
0857.png,55
0858.png,55
0859.png,55
0860.png,55
0861.png,55
0862.png,55
0863.png,55
0864.png,55
0865.png,55
0866.png,55
0867.png,55
0868.png,55
0869.png,55
0870.png,55
0871.png,55
0872.png,55
0873.png,55
0874.png,55
0875.png,55
0876.png,55
0877.png,55
0878.png,55
0879.png,55
0880.png,55
0881.png,55
0882.png,55
0883.png,55
0884.png,55
0885.png,55
0886.png,55
0887.png,55
0888.png,55
0889.png,55
0890.png,55
0891.png,55
0892.png,55
0893.png,55
0894.png,55
0895.png,55
0896.png,55
0897.png,55
0898.png,55
0899.png,55
0900.png,55
0901.png,55
0902.png,55
0903.png,55
0904.png,55
0905.png,55
0906.png,55
0907.png,55
0908.png,55
0909.png,55
0910.png,55
0911.png,55
0912.png,55
0913.png,55
0914.png,55
0915.png,55
0916.png,55
0917.png,55
0918.png,55
0919.png,55
0920.png,55
0921.png,55
0922.png,55
0923.png,55
0924.png,55
0925.png,55
0926.png,55
0927.png,55
0928.png,55
0929.png,55
0930.png,55
0931.png,55
0932.png,55
0933.png,55
0934.png,55
0935.png,55
0936.png,55
0937.png,55
0938.png,55
0939.png,55
0940.png,55
0941.png,55
0942.png,55
0943.png,55
0944.png,55
0945.png,55
0946.png,55
0947.png,55
0948.png,55
0949.png,55
0950.png,55
0951.png,55
0952.png,55
0953.png,55
0954.png,55
0955.png,55
0956.png,55
0957.png,55
0958.png,55
0959.png,55
0960.png,55
0961.png,55
0962.png,55
0963.png,55
0964.png,55
0965.png,55
0966.png,55
0967.png,55
0968.png,55
0969.png,55
0970.png,55
0971.png,55
0972.png,55
0973.png,55
0974.png,55
0975.png,55
0976.png,55
0977.png,55
0978.png,55
0979.png,55
0980.png,55
0981.png,55
0982.png,55
0983.png,55
0984.png,55
0985.png,55
0986.png,55
0987.png,55
0988.png,55
0989.png,55
0990.png,55
0991.png,55
0992.png,55
0993.png,55
0994.png,55
0995.png,55
0996.png,55
0997.png,55
0998.png,55
0999.png,55
1000.png,55
1001.png,55
1002.png,55
1003.png,55
1004.png,55
1005.png,55
1006.png,55
1007.png,55
1008.png,55
1009.png,55
1010.png,55
1011.png,55
1012.png,55
1013.png,55
1014.png,55
1015.png,55
1016.png,55
1017.png,55
1018.png,55
1019.png,55
1020.png,55
1021.png,55
1022.png,55
1023.png,55
1024.png,55
1025.png,55
1026.png,55
1027.png,55
1028.png,55
1029.png,55
1030.png,55
1031.png,55
1032.png,55
1033.png,55
1034.png,55
1035.png,55
1036.png,55
1037.png,55
1038.png,55
1039.png,55
1040.png,55
1041.png,55
1042.png,55
1043.png,55
1044.png,55
1045.png,55
1046.png,55
1047.png,55
1048.png,55
1049.png,55
1050.png,55
1051.png,55
1052.png,55
1053.png,55
1054.png,55
1055.png,55
1056.png,55
1057.png,55
1058.png,55
1059.png,55
1060.png,55
1061.png,55
1062.png,55
1063.png,55
1064.png,55
1065.png,55
1066.png,55
1067.png,55
1068.png,55
1069.png,55
1070.png,55
1071.png,55
1072.png,55
1073.png,55
1074.png,55
1075.png,55
1076.png,55
1077.png,55
1078.png,55
1079.png,55
1080.png,55
1081.png,55
1082.png,55
1083.png,55
1084.png,55
1085.png,55
1086.png,55
1087.png,55
1088.png,55
1089.png,55
1090.png,55
1091.png,55
1092.png,55
1093.png,55
1094.png,55
1095.png,55
1096.png,55
1097.png,55
1098.png,55
1099.png,55
1100.png,55
1101.png,55
1102.png,55
1103.png,55
1104.png,55
1105.png,55
1106.png,55
1107.png,55
1108.png,55
1109.png,55
1110.png,55
1111.png,55
1112.png,55
1113.png,55
1114.png,55
1115.png,55
1116.png,55
1117.png,55
1118.png,55
1119.png,55
1120.png,55
1121.png,55
1122.png,55
1123.png,55
1124.png,55
1125.png,55
1126.png,55
1127.png,55
1128.png,55
1129.png,55
1130.png,55
1131.png,55
1132.png,55
1133.png,55
1134.png,55
1135.png,55
1136.png,55
1137.png,55
1138.png,55
1139.png,55
1140.png,55
1141.png,55
1142.png,55
1143.png,55
1144.png,55
1145.png,55
1146.png,55
1147.png,55
1148.png,55
1149.png,55
1150.png,55
1151.png,55
1152.png,55
1153.png,55
1154.png,55
1155.png,55
1156.png,55
1157.png,55
1158.png,55
1159.png,55
1160.png,55
1161.png,55
1162.png,55
1163.png,55
1164.png,55
1165.png,55
1166.png,55
1167.png,55
1168.png,55
1169.png,55
1170.png,55
1171.png,55
1172.png,55
1173.png,55
1174.png,55
1175.png,55
1176.png,55
1177.png,55
1178.png,55
1179.png,55
1180.png,55
1181.png,55
1182.png,55
1183.png,55
1184.png,55
1185.png,55
1186.png,55
1187.png,55
1188.png,55
1189.png,55
1190.png,55
1191.png,55
1192.png,55
1193.png,55
1194.png,55
1195.png,55
1196.png,55
1197.png,55
1198.png,55
1199.png,55
1200.png,55
1201.png,55
1202.png,55
1203.png,55
1204.png,55
1205.png,55
1206.png,55
1207.png,55
1208.png,55
1209.png,55
1210.png,55
1211.png,55
1212.png,55
1213.png,55
1214.png,55
1215.png,55
1216.png,55
1217.png,55
1218.png,55
1219.png,55
1220.png,55
1221.png,55
1222.png,55
1223.png,55
1224.png,55
1225.png,55
1226.png,55
1227.png,55
1228.png,55
1229.png,55
1230.png,55
1231.png,55
1232.png,55
1233.png,55
1234.png,55
1235.png,55
1236.png,55
1237.png,55
1238.png,55
1239.png,55
1240.png,55
1241.png,55
1242.png,55
1243.png,55
1244.png,55
1245.png,55
1246.png,55
1247.png,55
1248.png,55
1249.png,55
1250.png,55
1251.png,55
1252.png,55
1253.png,55
1254.png,55
1255.png,55
1256.png,55
1257.png,55
1258.png,55
1259.png,55
1260.png,55
1261.png,55
1262.png,55
1263.png,55
1264.png,55
1265.png,55
1266.png,55
1267.png,55
1268.png,55
1269.png,55
1270.png,55
1271.png,55
1272.png,55
1273.png,55
1274.png,55
1275.png,55
1276.png,55
1277.png,55
1278.png,55
1279.png,55
1280.png,55
1281.png,55
1282.png,55
1283.png,55
1284.png,55
1285.png,55
1286.png,55
1287.png,55
1288.png,55
1289.png,55
1290.png,55
1291.png,55
1292.png,55
1293.png,55
1294.png,55
1295.png,55
1296.png,55
1297.png,55
1298.png,55
1299.png,55
1300.png,55
1301.png,55
1302.png,55
1303.png,55
1304.png,55
1305.png,55
1306.png,55
1307.png,55
1308.png,55
1309.png,55
1310.png,55
1311.png,55
1312.png,55
1313.png,55
1314.png,55
1315.png,55
1316.png,55
1317.png,55
1318.png,55
1319.png,55
1320.png,55
1321.png,55
1322.png,55
1323.png,55
1324.png,55
1325.png,55
1326.png,55
1327.png,55
1328.png,55
1329.png,55
1330.png,55
1331.png,55
1332.png,55
1333.png,55
1334.png,55
1335.png,55
1336.png,55
1337.png,55
1338.png,55
1339.png,55
1340.png,55
1341.png,55
1342.png,55
1343.png,55
1344.png,55
1345.png,55
1346.png,55
1347.png,55
1348.png,55
1349.png,55
1350.png,55
1351.png,55
1352.png,55
1353.png,55
1354.png,55
1355.png,55
1356.png,55
1357.png,55
1358.png,55
1359.png,55
1360.png,55
1361.png,55
1362.png,55
1363.png,55
1364.png,55
1365.png,55
1366.png,55
1367.png,55
1368.png,55
1369.png,55
1370.png,55
1371.png,55
1372.png,55
1373.png,55
1374.png,55
1375.png,55
1376.png,55
1377.png,55
1378.png,55
1379.png,55
1380.png,55
1381.png,55
1382.png,55
1383.png,55
1384.png,55
1385.png,55
1386.png,55
1387.png,55
1388.png,55
1389.png,55
1390.png,55
1391.png,55
1392.png,55
1393.png,55
1394.png,55
1395.png,55
1396.png,55
1397.png,55
1398.png,55
1399.png,55
1400.png,55
1401.png,55
1402.png,55
1403.png,55
1404.png,55
1405.png,55
1406.png,55
1407.png,55
1408.png,55
1409.png,55
1410.png,55
1411.png,55
1412.png,55
1413.png,55
1414.png,55
1415.png,55
1416.png,55
1417.png,55
1418.png,55
1419.png,55
1420.png,55
1421.png,55
1422.png,55
1423.png,55
1424.png,55
1425.png,55
1426.png,55
1427.png,55
1428.png,55
1429.png,55
1430.png,55
1431.png,55
1432.png,55
1433.png,55
1434.png,55
1435.png,55
1436.png,55
1437.png,55
1438.png,55
1439.png,55
1440.png,55
1441.png,55
1442.png,55
1443.png,55
1444.png,55
1445.png,55
1446.png,55
1447.png,55
1448.png,55
1449.png,55
1450.png,55
1451.png,55
1452.png,55
1453.png,55
1454.png,55
1455.png,55
1456.png,55
1457.png,55
1458.png,55
1459.png,55
1460.png,55
1461.png,55
1462.png,55
1463.png,55
1464.png,55
1465.png,55
1466.png,55
1467.png,55
1468.png,55
1469.png,55
1470.png,55
1471.png,55
1472.png,55
1473.png,55
1474.png,55
1475.png,55
1476.png,55
1477.png,55
1478.png,55
1479.png,55
1480.png,55
1481.png,55
1482.png,55
1483.png,55
1484.png,55
1485.png,55
1486.png,55
1487.png,55
1488.png,55
1489.png,55
1490.png,55
1491.png,55
1492.png,55
1493.png,55
1494.png,55
1495.png,55
1496.png,55
1497.png,55
1498.png,55
1499.png,55
1500.png,55
1501.png,55
1502.png,55
1503.png,55
1504.png,55
1505.png,55
1506.png,55
1507.png,55
1508.png,55
1509.png,55
1510.png,55
1511.png,55
1512.png,55
1513.png,55
1514.png,55
1515.png,55
1516.png,55
1517.png,55
1518.png,55
1519.png,55
1520.png,55
1521.png,55
1522.png,55
1523.png,55
1524.png,55
1525.png,55
1526.png,55
1527.png,55
1528.png,55
1529.png,55
1530.png,55
1531.png,55
1532.png,55
1533.png,55
1534.png,55
1535.png,55
1536.png,55
1537.png,55
1538.png,55
1539.png,55
1540.png,55
1541.png,55
1542.png,55
1543.png,55
1544.png,55
1545.png,55
1546.png,55
1547.png,55
1548.png,55
1549.png,55
1550.png,55
1551.png,55
1552.png,55
1553.png,55
1554.png,55
1555.png,55
1556.png,55
1557.png,55
1558.png,55
1559.png,55
1560.png,55
1561.png,55
1562.png,55
1563.png,55
1564.png,55
1565.png,55
1566.png,55
1567.png,55
1568.png,55
1569.png,55
1570.png,55
1571.png,55
1572.png,55
1573.png,55
1574.png,55
1575.png,55
1576.png,55
1577.png,55
1578.png,55
1579.png,55
1580.png,55
1581.png,55
1582.png,55
1583.png,55
1584.png,55
1585.png,55
1586.png,55
1587.png,55
1588.png,55
1589.png,55
1590.png,55
1591.png,55
1592.png,55
1593.png,55
1594.png,55
1595.png,55
1596.png,55
1597.png,55
1598.png,55
1599.png,55
1600.png,55
1601.png,55
1602.png,55
1603.png,55
1604.png,55
1605.png,55
1606.png,55
1607.png,55
1608.png,55
1609.png,55
1610.png,55
1611.png,55
1612.png,55
1613.png,55
1614.png,55
1615.png,55
1616.png,55
1617.png,55
1618.png,55
1619.png,55
1620.png,55
1621.png,55
1622.png,55
1623.png,55
1624.png,55
1625.png,55
1626.png,55
1627.png,55
1628.png,55
1629.png,55
1630.png,55
1631.png,55
1632.png,55
1633.png,55
1634.png,55
1635.png,55
1636.png,55
1637.png,55
1638.png,55
1639.png,55
1640.png,55
1641.png,55
1642.png,55
1643.png,55
1644.png,55
1645.png,55
1646.png,55
1647.png,55
1648.png,55
1649.png,55
1650.png,55
1651.png,55
1652.png,55
1653.png,55
1654.png,55
1655.png,55
1656.png,55
1657.png,55
1658.png,55
1659.png,55
1660.png,55
1661.png,55
1662.png,55
1663.png,55
1664.png,55
1665.png,55
1666.png,55
1667.png,55
1668.png,55
1669.png,55
1670.png,55
1671.png,55
1672.png,55
1673.png,55
1674.png,55
1675.png,55
1676.png,55
1677.png,55
1678.png,55
1679.png,55
1680.png,55
1681.png,55
1682.png,55
1683.png,55
1684.png,55
1685.png,55
1686.png,55
1687.png,55
1688.png,55
1689.png,55
1690.png,55
1691.png,55
1692.png,55
1693.png,55
1694.png,55
1695.png,55
1696.png,55
1697.png,55
1698.png,55
1699.png,55
1700.png,55
1701.png,55
1702.png,55
1703.png,55
1704.png,55
1705.png,55
1706.png,55
1707.png,55
1708.png,55
1709.png,55
1710.png,55
1711.png,55
1712.png,55
1713.png,55
1714.png,55
1715.png,55
1716.png,55
1717.png,55
1718.png,55
1719.png,55
1720.png,55
1721.png,55
1722.png,55
1723.png,55
1724.png,55
1725.png,55
1726.png,55
1727.png,55
1728.png,55
1729.png,55
1730.png,55
1731.png,55
1732.png,55
1733.png,55
1734.png,55
1735.png,55
1736.png,55
1737.png,55
1738.png,55
1739.png,55
1740.png,55
1741.png,55
1742.png,55
1743.png,55
1744.png,55
1745.png,55
1746.png,55
1747.png,55
1748.png,55
1749.png,55
1750.png,55
1751.png,55
1752.png,55
1753.png,55
1754.png,55
1755.png,55
1756.png,55
1757.png,55
1758.png,55
1759.png,55
1760.png,55
1761.png,55
1762.png,55
1763.png,55
1764.png,55
1765.png,55
1766.png,55
1767.png,55
1768.png,55
1769.png,55
1770.png,55
1771.png,55
1772.png,55
1773.png,55
1774.png,55
1775.png,55
1776.png,55
1777.png,55
1778.png,55
1779.png,55
1780.png,55
1781.png,55
1782.png,55
1783.png,55
1784.png,55
1785.png,55
1786.png,55
1787.png,55
1788.png,55
1789.png,55
1790.png,55
1791.png,55
1792.png,55
1793.png,55
1794.png,55
1795.png,55
1796.png,55
1797.png,55
1798.png,55
1799.png,55
1800.png,55
1801.png,55
1802.png,55
1803.png,55
1804.png,55
1805.png,55
1806.png,55
1807.png,55
1808.png,55
1809.png,55
1810.png,55
1811.png,55
1812.png,55
1813.png,55
1814.png,55
1815.png,55
1816.png,55
1817.png,55
1818.png,55
1819.png,55
1820.png,55
1821.png,55
1822.png,55
1823.png,55
1824.png,55
1825.png,55
1826.png,55
1827.png,55
1828.png,55
1829.png,55
1830.png,55
1831.png,55
1832.png,55
1833.png,55
1834.png,55
1835.png,55
1836.png,55
1837.png,55
1838.png,55
1839.png,55
1840.png,55
1841.png,55
1842.png,55
1843.png,55
1844.png,55
1845.png,55
1846.png,55
1847.png,55
1848.png,55
1849.png,55
1850.png,55
1851.png,55
1852.png,55
1853.png,55
1854.png,55
1855.png,55
1856.png,55
1857.png,55
1858.png,55
1859.png,55
1860.png,55
1861.png,55
1862.png,55
1863.png,55
1864.png,55
1865.png,55
1866.png,55
1867.png,55
1868.png,55
1869.png,55
1870.png,55
1871.png,55
1872.png,55
1873.png,55
1874.png,55
1875.png,55
1876.png,55
1877.png,55
1878.png,55
1879.png,55
1880.png,55
1881.png,55
1882.png,55
1883.png,55
1884.png,55
1885.png,55
1886.png,55
1887.png,55
1888.png,55
1889.png,55
1890.png,55
1891.png,55
1892.png,55
1893.png,55
1894.png,55
1895.png,55
1896.png,55
1897.png,55
1898.png,55
1899.png,55
1900.png,55
1901.png,55
1902.png,55
1903.png,55
1904.png,55
1905.png,55
1906.png,55
1907.png,55
1908.png,55
1909.png,55
1910.png,55
1911.png,55
1912.png,55
1913.png,55
1914.png,55
1915.png,55
1916.png,55
1917.png,55
1918.png,55
1919.png,55
1920.png,55
1921.png,55
1922.png,55
1923.png,55
1924.png,55
1925.png,55
1926.png,55
1927.png,55
1928.png,55
1929.png,55
1930.png,55
1931.png,55
1932.png,55
1933.png,55
1934.png,55
1935.png,55
1936.png,55
1937.png,55
1938.png,55
1939.png,55
1940.png,55
1941.png,55
1942.png,55
1943.png,55
1944.png,55
1945.png,55
1946.png,55
1947.png,55
1948.png,55
1949.png,55
1950.png,55
1951.png,55
1952.png,55
1953.png,55
1954.png,55
1955.png,55
1956.png,55
1957.png,55
1958.png,55
1959.png,55
1960.png,55
1961.png,55
1962.png,55
1963.png,55
1964.png,55
1965.png,55
1966.png,55
1967.png,55
1968.png,55
1969.png,55
1970.png,55
1971.png,55
1972.png,55
1973.png,55
1974.png,55
1975.png,55
1976.png,55
1977.png,55
1978.png,55
1979.png,55
1980.png,55
1981.png,55
1982.png,55
1983.png,55
1984.png,55
1985.png,55
1986.png,55
1987.png,55
1988.png,55
1989.png,55
1990.png,55
1991.png,55
1992.png,55
1993.png,55
1994.png,55
1995.png,55
1996.png,55
1997.png,55
1998.png,55
1999.png,55
2000.png,55
2001.png,55
2002.png,55
2003.png,55
2004.png,55
2005.png,55
2006.png,55
2007.png,55
2008.png,55
2009.png,55
2010.png,55
2011.png,55
2012.png,55
2013.png,55
2014.png,55
2015.png,55
2016.png,55
2017.png,55
2018.png,55
2019.png,55
2020.png,55
2021.png,55
2022.png,55
2023.png,55
2024.png,55
2025.png,55
2026.png,55
2027.png,55
2028.png,55
2029.png,55
2030.png,55
2031.png,55
2032.png,55
2033.png,55
2034.png,55
2035.png,55
2036.png,55
2037.png,55
2038.png,55
2039.png,55
2040.png,55
2041.png,55
2042.png,55
2043.png,55
2044.png,55
2045.png,55
2046.png,55
2047.png,55
2048.png,55
2049.png,55
2050.png,55
2051.png,55
2052.png,55
2053.png,55
2054.png,55
2055.png,55
2056.png,55
2057.png,55
2058.png,55
2059.png,55
2060.png,55
2061.png,55
2062.png,55
2063.png,55
2064.png,55
2065.png,55
2066.png,55
2067.png,55
2068.png,55
2069.png,55
2070.png,55
2071.png,55
2072.png,55
2073.png,55
2074.png,55
2075.png,55
2076.png,55
2077.png,55
2078.png,55
2079.png,55
2080.png,55
2081.png,55
2082.png,55
2083.png,55
2084.png,55
2085.png,55
2086.png,55
2087.png,55
2088.png,55
2089.png,55
2090.png,55
2091.png,55
2092.png,55
2093.png,55
2094.png,55
2095.png,55
2096.png,55
2097.png,55
2098.png,55
2099.png,55
2100.png,55
2101.png,55
2102.png,55
2103.png,55
2104.png,55
2105.png,55
2106.png,55
2107.png,55
2108.png,55
2109.png,55
2110.png,55
2111.png,55
2112.png,55
2113.png,55
2114.png,55
2115.png,55
2116.png,55
2117.png,55
2118.png,55
2119.png,55
2120.png,55
2121.png,55
2122.png,55
2123.png,55
2124.png,55
2125.png,55
2126.png,55
2127.png,55
2128.png,55
2129.png,55
2130.png,55
2131.png,55
2132.png,55
2133.png,55
2134.png,55
2135.png,55
2136.png,55
2137.png,55
2138.png,55
2139.png,55
2140.png,55
2141.png,55
2142.png,55
2143.png,55
2144.png,55
2145.png,55
2146.png,55
2147.png,55
2148.png,55
2149.png,55
2150.png,55
2151.png,55
2152.png,55
2153.png,55
2154.png,55
2155.png,55
2156.png,55
2157.png,55
2158.png,55
2159.png,55
2160.png,55
2161.png,55
2162.png,55
2163.png,55
2164.png,55
2165.png,55
2166.png,55
2167.png,55
2168.png,55
2169.png,55
2170.png,55
2171.png,55
2172.png,55
2173.png,55
2174.png,55
2175.png,55
2176.png,55
2177.png,55
2178.png,55
2179.png,55
2180.png,55
2181.png,55
2182.png,55
2183.png,55
2184.png,55
2185.png,55
2186.png,55
2187.png,55
2188.png,55
2189.png,55
2190.png,55
2191.png,55
2192.png,55
2193.png,55
2194.png,55
2195.png,55
2196.png,55
2197.png,55
2198.png,55
2199.png,55
2200.png,55
2201.png,55
2202.png,55
2203.png,55
2204.png,55
2205.png,55
2206.png,55
2207.png,55
2208.png,55
2209.png,55
2210.png,55
2211.png,55
2212.png,55
2213.png,55
2214.png,55
2215.png,55
2216.png,55
2217.png,55
2218.png,55
2219.png,55
2220.png,55
2221.png,55
2222.png,55
2223.png,55
2224.png,55
2225.png,55
2226.png,55
2227.png,55
2228.png,55
2229.png,55
2230.png,55
2231.png,55
2232.png,55
2233.png,55
2234.png,55
2235.png,55
2236.png,55
2237.png,55
2238.png,55
2239.png,55
2240.png,55
2241.png,55
2242.png,55
2243.png,55
2244.png,55
2245.png,55
2246.png,55
2247.png,55
2248.png,55
2249.png,55
2250.png,55
2251.png,55
2252.png,55
2253.png,55
2254.png,55
2255.png,55
2256.png,55
2257.png,55
2258.png,55
2259.png,55
2260.png,55
2261.png,55
2262.png,55
2263.png,55
2264.png,55
2265.png,55
2266.png,55
2267.png,55
2268.png,55
2269.png,55
2270.png,55
2271.png,55
2272.png,55
2273.png,55
2274.png,55
2275.png,55
2276.png,55
2277.png,55
2278.png,55
2279.png,55
2280.png,55
2281.png,55
2282.png,55
2283.png,55
2284.png,55
2285.png,55
2286.png,55
2287.png,55
2288.png,55
2289.png,55
2290.png,55
2291.png,55
2292.png,55
2293.png,55
2294.png,55
2295.png,55
2296.png,55
2297.png,55
2298.png,55
2299.png,55
2300.png,55
2301.png,55
2302.png,55
2303.png,55
2304.png,55
2305.png,55
2306.png,55
2307.png,55
2308.png,55
2309.png,55
2310.png,55
2311.png,55
2312.png,55
2313.png,55
2314.png,55
2315.png,55
2316.png,55
2317.png,55
2318.png,55
2319.png,55
2320.png,55
2321.png,55
2322.png,55
2323.png,55
2324.png,55
2325.png,55
2326.png,55
2327.png,55
2328.png,55
2329.png,55
2330.png,55
2331.png,55
2332.png,55
2333.png,55
2334.png,55
2335.png,55
2336.png,55
2337.png,55
2338.png,55
2339.png,55
2340.png,55
2341.png,55
2342.png,55
2343.png,55
2344.png,55
2345.png,55
2346.png,55
2347.png,55
2348.png,55
2349.png,55
2350.png,55
2351.png,55
2352.png,55
2353.png,55
2354.png,55
2355.png,55
2356.png,55
2357.png,55
2358.png,55
2359.png,55
2360.png,55
2361.png,55
2362.png,55
2363.png,55
2364.png,55
2365.png,55
2366.png,55
2367.png,55
2368.png,55
2369.png,55
2370.png,55
2371.png,55
2372.png,55
2373.png,55
2374.png,55
2375.png,55
2376.png,55
2377.png,55
2378.png,55
2379.png,55
2380.png,55
2381.png,55
2382.png,55
2383.png,55
2384.png,55
2385.png,55
2386.png,55
2387.png,55
2388.png,55
2389.png,55
2390.png,55
2391.png,55
2392.png,55
2393.png,55
2394.png,55
2395.png,55
2396.png,55
2397.png,55
2398.png,55
2399.png,55
2400.png,55
2401.png,55
2402.png,55
2403.png,55
2404.png,55
2405.png,55
2406.png,55
2407.png,55
2408.png,55
2409.png,55
2410.png,55
2411.png,55
2412.png,55
2413.png,55
2414.png,55
2415.png,55
2416.png,55
2417.png,55
2418.png,55
2419.png,55
2420.png,55
2421.png,55
2422.png,55
2423.png,55
2424.png,55
2425.png,55
2426.png,55
2427.png,55
2428.png,55
2429.png,55
2430.png,55
2431.png,55
2432.png,55
2433.png,55
2434.png,55
2435.png,55
2436.png,55
2437.png,55
2438.png,55
2439.png,55
2440.png,55
2441.png,55
2442.png,55
2443.png,55
2444.png,55
2445.png,55
2446.png,55
2447.png,55
2448.png,55
2449.png,55
2450.png,55
2451.png,55
2452.png,55
2453.png,55
2454.png,55
2455.png,55
2456.png,55
2457.png,55
2458.png,55
2459.png,55
2460.png,55
2461.png,55
2462.png,55
2463.png,55
2464.png,55
2465.png,55
2466.png,55
2467.png,55
2468.png,55
2469.png,55
2470.png,55
2471.png,55
2472.png,55
2473.png,55
2474.png,55
2475.png,55
2476.png,55
2477.png,55
2478.png,55
2479.png,55
2480.png,55
2481.png,55
2482.png,55
2483.png,55
2484.png,55
2485.png,55
2486.png,55
2487.png,55
2488.png,55
2489.png,55
2490.png,55
2491.png,55
2492.png,55
2493.png,55
2494.png,55
2495.png,55
2496.png,55
2497.png,55
2498.png,55
2499.png,55
2500.png,55
2501.png,55
2502.png,55
2503.png,55
2504.png,55
2505.png,55
2506.png,55
2507.png,55
2508.png,55
2509.png,55
2510.png,55
2511.png,55
2512.png,55
2513.png,55
2514.png,55
2515.png,55
2516.png,55
2517.png,55
2518.png,55
2519.png,55
2520.png,55
2521.png,55
2522.png,55
2523.png,55
2524.png,55
2525.png,55
2526.png,55
2527.png,55
2528.png,55
2529.png,55
2530.png,55
2531.png,55
2532.png,55
2533.png,55
2534.png,55
2535.png,55
2536.png,55
2537.png,55
2538.png,55
2539.png,55
2540.png,55
2541.png,55
2542.png,55
2543.png,55
2544.png,55
2545.png,55
2546.png,55
2547.png,55
2548.png,55
2549.png,55
2550.png,55
2551.png,55
2552.png,55
2553.png,55
2554.png,55
2555.png,55
2556.png,55
2557.png,55
2558.png,55
2559.png,55
2560.png,55
2561.png,55
2562.png,55
2563.png,55
2564.png,55
2565.png,55
2566.png,55
2567.png,55
2568.png,55
2569.png,55
2570.png,55
2571.png,55
2572.png,55
2573.png,55
2574.png,55
2575.png,55
2576.png,55
2577.png,55
2578.png,55
2579.png,55
2580.png,55
2581.png,55
2582.png,55
2583.png,55
2584.png,55
2585.png,55
2586.png,55
2587.png,55
2588.png,55
2589.png,55
2590.png,55
2591.png,55
2592.png,55
2593.png,55
2594.png,55
2595.png,55
2596.png,55
2597.png,55
2598.png,55
2599.png,55
2600.png,55
2601.png,55
2602.png,55
2603.png,55
2604.png,55
2605.png,55
2606.png,55
2607.png,55
2608.png,55
2609.png,55
2610.png,55
2611.png,55
2612.png,55
2613.png,55
2614.png,55
2615.png,55
2616.png,55
2617.png,55
2618.png,55
2619.png,55
2620.png,55
2621.png,55
2622.png,55
2623.png,55
2624.png,55
2625.png,55
2626.png,55
2627.png,55
2628.png,55
2629.png,55
2630.png,55
2631.png,55
2632.png,55
2633.png,55
2634.png,55
2635.png,55
2636.png,55
2637.png,55
2638.png,55
2639.png,55
2640.png,55
2641.png,55
2642.png,55
2643.png,55
2644.png,55
2645.png,55
2646.png,55
2647.png,55
2648.png,55
2649.png,55
2650.png,55
2651.png,55
2652.png,55
2653.png,55
2654.png,55
2655.png,55
2656.png,55
2657.png,55
2658.png,55
2659.png,55
2660.png,55
2661.png,55
2662.png,55
2663.png,55
2664.png,55
2665.png,55
2666.png,55
2667.png,55
2668.png,55
2669.png,55
2670.png,55
2671.png,55
2672.png,55
2673.png,55
2674.png,55
2675.png,55
2676.png,55
2677.png,55
2678.png,55
2679.png,55
2680.png,55
2681.png,55
2682.png,55
2683.png,55
2684.png,55
2685.png,55
2686.png,55
2687.png,55
2688.png,55
2689.png,55
2690.png,55
2691.png,55
2692.png,55
2693.png,55
2694.png,55
2695.png,55
2696.png,55
2697.png,55
2698.png,55
2699.png,55
2700.png,55
2701.png,55
2702.png,55
2703.png,55
2704.png,55
2705.png,55
2706.png,55
2707.png,55
2708.png,55
2709.png,55
2710.png,55
2711.png,55
2712.png,55
2713.png,55
2714.png,55
2715.png,55
2716.png,55
2717.png,55
2718.png,55
2719.png,55
2720.png,55
2721.png,55
2722.png,55
2723.png,55
2724.png,55
2725.png,55
2726.png,55
2727.png,55
2728.png,55
2729.png,55
2730.png,55
2731.png,55
2732.png,55
2733.png,55
2734.png,55
2735.png,55
2736.png,55
2737.png,55
2738.png,55
2739.png,55
2740.png,55
2741.png,55
2742.png,55
2743.png,55
2744.png,55
2745.png,55
2746.png,55
2747.png,55
2748.png,55
2749.png,55
2750.png,55
2751.png,55
2752.png,55
2753.png,55
2754.png,55
2755.png,55
2756.png,55
2757.png,55
2758.png,55
2759.png,55
2760.png,55
2761.png,55
2762.png,55
2763.png,55
2764.png,55
2765.png,55
2766.png,55
2767.png,55
2768.png,55
2769.png,55
2770.png,55
2771.png,55
2772.png,55
2773.png,55
2774.png,55
2775.png,55
2776.png,55
2777.png,55
2778.png,55
2779.png,55
2780.png,55
2781.png,55
2782.png,55
2783.png,55
2784.png,55
2785.png,55
2786.png,55
2787.png,55
2788.png,55
2789.png,55
2790.png,55
2791.png,55
2792.png,55
2793.png,55
2794.png,55
2795.png,55
2796.png,55
2797.png,55
2798.png,55
2799.png,55
2800.png,55
2801.png,55
2802.png,55
2803.png,55
2804.png,55
2805.png,55
2806.png,55
2807.png,55
2808.png,55
2809.png,55
2810.png,55
2811.png,55
2812.png,55
2813.png,55
2814.png,55
2815.png,55
2816.png,55
2817.png,55
2818.png,55
2819.png,55
2820.png,55
2821.png,55
2822.png,55
2823.png,55
2824.png,55
2825.png,55
2826.png,55
2827.png,55
2828.png,55
2829.png,55
2830.png,55
2831.png,55
2832.png,55
2833.png,55
2834.png,55
2835.png,55
2836.png,55
2837.png,55
2838.png,55
2839.png,55
2840.png,55
2841.png,55
2842.png,55
2843.png,55
2844.png,55
2845.png,55
2846.png,55
2847.png,55
2848.png,55
2849.png,55
2850.png,55
2851.png,55
2852.png,55
2853.png,55
2854.png,55
2855.png,55
2856.png,55
2857.png,55
2858.png,55
2859.png,55
2860.png,55
2861.png,55
2862.png,55
2863.png,55
2864.png,55
2865.png,55
2866.png,55
2867.png,55
2868.png,55
2869.png,55
2870.png,55
2871.png,55
2872.png,55
2873.png,55
2874.png,55
2875.png,55
2876.png,55
2877.png,55
2878.png,55
2879.png,55
2880.png,55
2881.png,55
2882.png,55
2883.png,55
2884.png,55
2885.png,55
2886.png,55
2887.png,55
2888.png,55
2889.png,55
2890.png,55
2891.png,55
2892.png,55
2893.png,55
2894.png,55
2895.png,55
2896.png,55
2897.png,55
2898.png,55
2899.png,55
2900.png,55
2901.png,55
2902.png,55
2903.png,55
2904.png,55
2905.png,55
2906.png,55
2907.png,55
2908.png,55
2909.png,55
2910.png,55
2911.png,55
2912.png,55
2913.png,55
2914.png,55
2915.png,55
2916.png,55
2917.png,55
2918.png,55
2919.png,55
2920.png,55
2921.png,55
2922.png,55
2923.png,55
2924.png,55
2925.png,55
2926.png,55
2927.png,55
2928.png,55
2929.png,55
2930.png,55
2931.png,55
2932.png,55
2933.png,55
2934.png,55
2935.png,55
2936.png,55
2937.png,55
2938.png,55
2939.png,55
2940.png,55
2941.png,55
2942.png,55
2943.png,55
2944.png,55
2945.png,55
2946.png,55
2947.png,55
2948.png,55
2949.png,55
2950.png,55
2951.png,55
2952.png,55
2953.png,55
2954.png,55
2955.png,55
2956.png,55
2957.png,55
2958.png,55
2959.png,55
2960.png,55
2961.png,55
2962.png,55
2963.png,55
2964.png,55
2965.png,55
2966.png,55
2967.png,55
2968.png,55
2969.png,55
2970.png,55
2971.png,55
2972.png,55
2973.png,55
2974.png,55
2975.png,55
2976.png,55
2977.png,55
2978.png,55
2979.png,55
2980.png,55
2981.png,55
2982.png,55
2983.png,55
2984.png,55
2985.png,55
2986.png,55
2987.png,55
2988.png,55
2989.png,55
2990.png,55
2991.png,55
2992.png,55
2993.png,55
2994.png,55
2995.png,55
2996.png,55
2997.png,55
2998.png,55
2999.png,55
3000.png,55
3001.png,55
3002.png,55
3003.png,55
3004.png,55
3005.png,55
3006.png,55
3007.png,55
3008.png,55
3009.png,55
3010.png,55
3011.png,55
3012.png,55
3013.png,55
3014.png,55
3015.png,55
3016.png,55
3017.png,55
3018.png,55
3019.png,55
3020.png,55
3021.png,55
3022.png,55
3023.png,55
3024.png,55
3025.png,55
3026.png,55
3027.png,55
3028.png,55
3029.png,55
3030.png,55
3031.png,55
3032.png,55
3033.png,55
3034.png,55
3035.png,55
3036.png,55
3037.png,55
3038.png,55
3039.png,55
3040.png,55
3041.png,55
3042.png,55
3043.png,55
3044.png,55
3045.png,55
3046.png,55
3047.png,55
3048.png,55
3049.png,55
3050.png,55
3051.png,55
3052.png,55
3053.png,55
3054.png,55
3055.png,55
3056.png,55
3057.png,55
3058.png,55
3059.png,55
3060.png,55
3061.png,55
3062.png,55
3063.png,55
3064.png,55
3065.png,55
3066.png,55
3067.png,55
3068.png,55
3069.png,55
3070.png,55
3071.png,55
3072.png,55
3073.png,55
3074.png,55
3075.png,55
3076.png,55
3077.png,55
3078.png,55
3079.png,55
3080.png,55
3081.png,55
3082.png,55
3083.png,55
3084.png,55
3085.png,55
3086.png,55
3087.png,55
3088.png,55
3089.png,55
3090.png,55
3091.png,55
3092.png,55
3093.png,55
3094.png,55
3095.png,55
3096.png,55
3097.png,55
3098.png,55
3099.png,55
3100.png,55
3101.png,55
3102.png,55
3103.png,55
3104.png,55
3105.png,55
3106.png,55
3107.png,55
3108.png,55
3109.png,55
3110.png,55
3111.png,55
3112.png,55
3113.png,55
3114.png,55
3115.png,55
3116.png,55
3117.png,55
3118.png,55
3119.png,55
3120.png,55
3121.png,55
3122.png,55
3123.png,55
3124.png,55
3125.png,55
3126.png,55
3127.png,55
3128.png,55
3129.png,55
3130.png,55
3131.png,55
3132.png,55
3133.png,55
3134.png,55
3135.png,55
3136.png,55
3137.png,55
3138.png,55
3139.png,55
3140.png,55
3141.png,55
3142.png,55
3143.png,55
3144.png,55
3145.png,55
3146.png,55
3147.png,55
3148.png,55
3149.png,55
3150.png,55
3151.png,55
3152.png,55
3153.png,55
3154.png,55
3155.png,55
3156.png,55
3157.png,55
3158.png,55
3159.png,55
3160.png,55
3161.png,55
3162.png,55
3163.png,55
3164.png,55
3165.png,55
3166.png,55
3167.png,55
3168.png,55
3169.png,55
3170.png,55
3171.png,55
3172.png,55
3173.png,55
3174.png,55
3175.png,55
3176.png,55
3177.png,55
3178.png,55
3179.png,55
3180.png,55
3181.png,55
3182.png,55
3183.png,55
3184.png,55
3185.png,55
3186.png,55
3187.png,55
3188.png,55
3189.png,55
3190.png,55
3191.png,55
3192.png,55
3193.png,55
3194.png,55
3195.png,55
3196.png,55
3197.png,55
3198.png,55
3199.png,55
3200.png,55
3201.png,55
3202.png,55
3203.png,55
3204.png,55
3205.png,55
3206.png,55
3207.png,55
3208.png,55
3209.png,55
3210.png,55
3211.png,55
3212.png,55
3213.png,55
3214.png,55
3215.png,55
3216.png,55
3217.png,55
3218.png,55
3219.png,55
3220.png,55
3221.png,55
3222.png,55
3223.png,55
3224.png,55
3225.png,55
3226.png,55
3227.png,55
3228.png,55
3229.png,55
3230.png,55
3231.png,55
3232.png,55
3233.png,55
3234.png,55
3235.png,55
3236.png,55
3237.png,55
3238.png,55
3239.png,55
3240.png,55
3241.png,55
3242.png,55
3243.png,55
3244.png,55
3245.png,55
3246.png,55
3247.png,55
3248.png,55
3249.png,55
3250.png,55
3251.png,55
3252.png,55
3253.png,55
3254.png,55
3255.png,55
3256.png,55
3257.png,55
3258.png,55
3259.png,55
3260.png,55
3261.png,55
3262.png,55
3263.png,55
3264.png,55
3265.png,55
3266.png,55
3267.png,55
3268.png,55
3269.png,55
3270.png,55
3271.png,55
3272.png,55
3273.png,55
3274.png,55
3275.png,55
3276.png,55
3277.png,55
3278.png,55
3279.png,55
3280.png,55
3281.png,55
3282.png,55
3283.png,55
3284.png,55
3285.png,55
3286.png,55
3287.png,55
3288.png,55
3289.png,55
3290.png,55
3291.png,55
3292.png,55
3293.png,55
3294.png,55
3295.png,55
3296.png,55
3297.png,55
3298.png,55
3299.png,55
3300.png,55
3301.png,55
3302.png,55
3303.png,55
3304.png,55
3305.png,55
3306.png,55
3307.png,55
3308.png,55
3309.png,55
3310.png,55
3311.png,55
3312.png,55
3313.png,55
3314.png,55
3315.png,55
3316.png,55
3317.png,55
3318.png,55
3319.png,55
3320.png,55
3321.png,55
3322.png,55
3323.png,55
3324.png,55
3325.png,55
3326.png,55
3327.png,55
3328.png,55
3329.png,55
3330.png,55
3331.png,55
3332.png,55
3333.png,55
3334.png,55
3335.png,55
3336.png,55
3337.png,55
3338.png,55
3339.png,55
3340.png,55
3341.png,55
3342.png,55
3343.png,55
3344.png,55
3345.png,55
3346.png,55
3347.png,55
3348.png,55
3349.png,55
3350.png,55
3351.png,55
3352.png,55
3353.png,55
3354.png,55
3355.png,55
3356.png,55
3357.png,55
3358.png,55
3359.png,55
3360.png,55
3361.png,55
3362.png,55
3363.png,55
3364.png,55
3365.png,55
3366.png,55
3367.png,55
3368.png,55
3369.png,55
3370.png,55
3371.png,55
3372.png,55
3373.png,55
3374.png,55
3375.png,55
3376.png,55
3377.png,55
3378.png,55
3379.png,55
3380.png,55
3381.png,55
3382.png,55
3383.png,55
3384.png,55
3385.png,55
3386.png,55
3387.png,55
3388.png,55
3389.png,55
3390.png,55
3391.png,55
3392.png,55
3393.png,55
3394.png,55
3395.png,55
3396.png,55
3397.png,55
3398.png,55
3399.png,55
3400.png,55
3401.png,55
3402.png,55
3403.png,55
3404.png,55
3405.png,55
3406.png,55
3407.png,55
3408.png,55
3409.png,55
3410.png,55
3411.png,55
3412.png,55
3413.png,55
3414.png,55
3415.png,55
3416.png,55
3417.png,55
3418.png,55
3419.png,55
3420.png,55
3421.png,55
3422.png,55
3423.png,55
3424.png,55
3425.png,55
3426.png,55
3427.png,55
3428.png,55
3429.png,55
3430.png,55
3431.png,55
3432.png,55
3433.png,55
3434.png,55
3435.png,55
3436.png,55
3437.png,55
3438.png,55
3439.png,55
3440.png,55
3441.png,55
3442.png,55
3443.png,55
3444.png,55
3445.png,55
3446.png,55
3447.png,55
3448.png,55
3449.png,55
3450.png,55
3451.png,55
3452.png,55
3453.png,55
3454.png,55
3455.png,55
3456.png,55
3457.png,55
3458.png,55
3459.png,55
3460.png,55
3461.png,55
3462.png,55
3463.png,55
3464.png,55
3465.png,55
3466.png,55
3467.png,55
3468.png,55
3469.png,55
3470.png,55
3471.png,55
3472.png,55
3473.png,55
3474.png,55
3475.png,55
3476.png,55
3477.png,55
3478.png,55
3479.png,55
3480.png,55
3481.png,55
3482.png,55
3483.png,55
3484.png,55
3485.png,55
3486.png,55
3487.png,55
3488.png,55
3489.png,55
3490.png,55
3491.png,55
3492.png,55
3493.png,55
3494.png,55
3495.png,55
3496.png,55
3497.png,55
3498.png,55
3499.png,55
3500.png,55
3501.png,55
3502.png,55
3503.png,55
3504.png,55
3505.png,55
3506.png,55
3507.png,55
3508.png,55
3509.png,55
3510.png,55
3511.png,55
3512.png,55
3513.png,55
3514.png,55
3515.png,55
3516.png,55
3517.png,55
3518.png,55
3519.png,55
3520.png,55
3521.png,55
3522.png,55
3523.png,55
3524.png,55
3525.png,55
3526.png,55
3527.png,55
3528.png,55
3529.png,55
3530.png,55
3531.png,55
3532.png,55
3533.png,55
3534.png,55
3535.png,55
3536.png,55
3537.png,55
3538.png,55
3539.png,55
3540.png,55
3541.png,55
3542.png,55
3543.png,55
3544.png,55
3545.png,55
3546.png,55
3547.png,55
3548.png,55
3549.png,55
3550.png,55
3551.png,55
3552.png,55
3553.png,55
3554.png,55
3555.png,55
3556.png,55
3557.png,55
3558.png,55
3559.png,55
3560.png,55
3561.png,55
3562.png,55
3563.png,55
3564.png,55
3565.png,55
3566.png,55
3567.png,55
3568.png,55
3569.png,55
3570.png,55
3571.png,55
3572.png,55
3573.png,55
3574.png,55
3575.png,55
3576.png,55
3577.png,55
3578.png,55
3579.png,55
3580.png,55
3581.png,55
3582.png,55
3583.png,55
3584.png,55
3585.png,55
3586.png,55
3587.png,55
3588.png,55
3589.png,55
3590.png,55
3591.png,55
3592.png,55
3593.png,55
3594.png,55
3595.png,55
3596.png,55
3597.png,55
3598.png,55
3599.png,55
3600.png,55
3601.png,55
3602.png,55
3603.png,55
3604.png,55
3605.png,55
3606.png,55
3607.png,55
3608.png,55
3609.png,55
3610.png,55
3611.png,55
3612.png,55
3613.png,55
3614.png,55
3615.png,55
3616.png,55
3617.png,55
3618.png,55
3619.png,55
3620.png,55
3621.png,55
3622.png,55
3623.png,55
3624.png,55
3625.png,55
3626.png,55
3627.png,55
3628.png,55
3629.png,55
3630.png,55
3631.png,55
3632.png,55
3633.png,55
3634.png,55
3635.png,55
3636.png,55
3637.png,55
3638.png,55
3639.png,55
3640.png,55
3641.png,55
3642.png,55
3643.png,55
3644.png,55
3645.png,55
3646.png,55
3647.png,55
3648.png,55
3649.png,55
3650.png,55
3651.png,55
3652.png,55
3653.png,55
3654.png,55
3655.png,55
3656.png,55
3657.png,55
3658.png,55
3659.png,55
3660.png,55
3661.png,55
3662.png,55
3663.png,55
3664.png,55
3665.png,55
3666.png,55
3667.png,55
3668.png,55
3669.png,55
3670.png,55
3671.png,55
3672.png,55
3673.png,55
3674.png,55
3675.png,55
3676.png,55
3677.png,55
3678.png,55
3679.png,55
3680.png,55
3681.png,55
3682.png,55
3683.png,55
3684.png,55
3685.png,55
3686.png,55
3687.png,55
3688.png,55
3689.png,55
3690.png,55
3691.png,55
3692.png,55
3693.png,55
3694.png,55
3695.png,55
3696.png,55
3697.png,55
3698.png,55
3699.png,55
3700.png,55
3701.png,55
3702.png,55
3703.png,55
3704.png,55
3705.png,55
3706.png,55
3707.png,55
3708.png,55
3709.png,55
3710.png,55
3711.png,55
3712.png,55
3713.png,55
3714.png,55
3715.png,55
3716.png,55
3717.png,55
3718.png,55
3719.png,55
3720.png,55
3721.png,55
3722.png,55
3723.png,55
3724.png,55
3725.png,55
3726.png,55
3727.png,55
3728.png,55
3729.png,55
3730.png,55
3731.png,55
3732.png,55
3733.png,55
3734.png,55
3735.png,55
3736.png,55
3737.png,55
3738.png,55
3739.png,55
3740.png,55
3741.png,55
3742.png,55
3743.png,55
3744.png,55
3745.png,55
3746.png,55
3747.png,55
3748.png,55
3749.png,55
3750.png,55
3751.png,55
3752.png,55
3753.png,55
3754.png,55
3755.png,55
3756.png,55
3757.png,55
3758.png,55
3759.png,55
3760.png,55
3761.png,55
3762.png,55
3763.png,55
3764.png,55
3765.png,55
3766.png,55
3767.png,55
3768.png,55
3769.png,55
3770.png,55
3771.png,55
3772.png,55
3773.png,55
3774.png,55
3775.png,55
3776.png,55
3777.png,55
3778.png,55
3779.png,55
3780.png,55
3781.png,55
3782.png,55
3783.png,55
3784.png,55
3785.png,55
3786.png,55
3787.png,55
3788.png,55
3789.png,55
3790.png,55
3791.png,55
3792.png,55
3793.png,55
3794.png,55
3795.png,55
3796.png,55
3797.png,55
3798.png,55
3799.png,55
3800.png,55
3801.png,55
3802.png,55
3803.png,55
3804.png,55
3805.png,55
3806.png,55
3807.png,55
3808.png,55
3809.png,55
3810.png,55
3811.png,55
3812.png,55
3813.png,55
3814.png,55
3815.png,55
3816.png,55
3817.png,55
3818.png,55
3819.png,55
3820.png,55
3821.png,55
3822.png,55
3823.png,55
3824.png,55
3825.png,55
3826.png,55
3827.png,55
3828.png,55
3829.png,55
3830.png,55
3831.png,55
3832.png,55
3833.png,55
3834.png,55
3835.png,55
3836.png,55
3837.png,55
3838.png,55
3839.png,55
3840.png,55
3841.png,55
3842.png,55
3843.png,55
3844.png,55
3845.png,55
3846.png,55
3847.png,55
3848.png,55
3849.png,55
3850.png,55
3851.png,55
3852.png,55
3853.png,55
3854.png,55
3855.png,55
3856.png,55
3857.png,55
3858.png,55
3859.png,55
3860.png,55
3861.png,55
3862.png,55
3863.png,55
3864.png,55
3865.png,55
3866.png,55
3867.png,55
3868.png,55
3869.png,55
3870.png,55
3871.png,55
3872.png,55
3873.png,55
3874.png,55
3875.png,55
3876.png,55
3877.png,55
3878.png,55
3879.png,55
3880.png,55
3881.png,55
3882.png,55
3883.png,55
3884.png,55
3885.png,55
3886.png,55
3887.png,55
3888.png,55
3889.png,55
3890.png,55
3891.png,55
3892.png,55
3893.png,55
3894.png,55
3895.png,55
3896.png,55
3897.png,55
3898.png,55
3899.png,55
3900.png,55
3901.png,55
3902.png,55
3903.png,55
3904.png,55
3905.png,55
3906.png,55
3907.png,55
3908.png,55
3909.png,55
3910.png,55
3911.png,55
3912.png,55
3913.png,55
3914.png,55
3915.png,55
3916.png,55
3917.png,55
3918.png,55
3919.png,55
3920.png,55
3921.png,55
3922.png,55
3923.png,55
3924.png,55
3925.png,55
3926.png,55
3927.png,55
3928.png,55
3929.png,55
3930.png,55
3931.png,55
3932.png,55
3933.png,55
3934.png,55
3935.png,55
3936.png,55
3937.png,55
3938.png,55
3939.png,55
3940.png,55
3941.png,55
3942.png,55
3943.png,55
3944.png,55
3945.png,55
3946.png,55
3947.png,55
3948.png,55
3949.png,55
3950.png,55
3951.png,55
3952.png,55
3953.png,55
3954.png,55
3955.png,55
3956.png,55
3957.png,55
3958.png,55
3959.png,55
3960.png,55
3961.png,55
3962.png,55
3963.png,55
3964.png,55
3965.png,55
3966.png,55
3967.png,55
3968.png,55
3969.png,55
3970.png,55
3971.png,55
3972.png,55
3973.png,55
3974.png,55
3975.png,55
3976.png,55
3977.png,55
3978.png,55
3979.png,55
3980.png,55
3981.png,55
3982.png,55
3983.png,55
3984.png,55
3985.png,55
3986.png,55
3987.png,55
3988.png,55
3989.png,55
3990.png,55
3991.png,55
3992.png,55
3993.png,55
3994.png,55
3995.png,55
3996.png,55
3997.png,55
3998.png,55
3999.png,55
4000.png,55
4001.png,55
4002.png,55
4003.png,55
4004.png,55
4005.png,55
4006.png,55
4007.png,55
4008.png,55
4009.png,55
4010.png,55
4011.png,55
4012.png,55
4013.png,55
4014.png,55
4015.png,55
4016.png,55
4017.png,55
4018.png,55
4019.png,55
4020.png,55
4021.png,55
4022.png,55
4023.png,55
4024.png,55
4025.png,55
4026.png,55
4027.png,55
4028.png,55
4029.png,55
4030.png,55
4031.png,55
4032.png,55
4033.png,55
4034.png,55
4035.png,55
4036.png,55
4037.png,55
4038.png,55
4039.png,55
4040.png,55
4041.png,55
4042.png,55
4043.png,55
4044.png,55
4045.png,55
4046.png,55
4047.png,55
4048.png,55
4049.png,55
4050.png,55
4051.png,55
4052.png,55
4053.png,55
4054.png,55
4055.png,55
4056.png,55
4057.png,55
4058.png,55
4059.png,55
4060.png,55
4061.png,55
4062.png,55
4063.png,55
4064.png,55
4065.png,55
4066.png,55
4067.png,55
4068.png,55
4069.png,55
4070.png,55
4071.png,55
4072.png,55
4073.png,55
4074.png,55
4075.png,55
4076.png,55
4077.png,55
4078.png,55
4079.png,55
4080.png,55
4081.png,55
4082.png,55
4083.png,55
4084.png,55
4085.png,55
4086.png,55
4087.png,55
4088.png,55
4089.png,55
4090.png,55
4091.png,55
4092.png,55
4093.png,55
4094.png,55
4095.png,55
4096.png,55
4097.png,55
4098.png,55
4099.png,55
4100.png,55
4101.png,55
4102.png,55
4103.png,55
4104.png,55
4105.png,55
4106.png,55
4107.png,55
4108.png,55
4109.png,55
4110.png,55
4111.png,55
4112.png,55
4113.png,55
4114.png,55
4115.png,55
4116.png,55
4117.png,55
4118.png,55
4119.png,55
4120.png,55
4121.png,55
4122.png,55
4123.png,55
4124.png,55
4125.png,55
4126.png,55
4127.png,55
4128.png,55
4129.png,55
4130.png,55
4131.png,55
4132.png,55
4133.png,55
4134.png,55
4135.png,55
4136.png,55
4137.png,55
4138.png,55
4139.png,55
4140.png,55
4141.png,55
4142.png,55
4143.png,55
4144.png,55
4145.png,55
4146.png,55
4147.png,55
4148.png,55
4149.png,55
4150.png,55
4151.png,55
4152.png,55
4153.png,55
4154.png,55
4155.png,55
4156.png,55
4157.png,55
4158.png,55
4159.png,55
4160.png,55
4161.png,55
4162.png,55
4163.png,55
4164.png,55
4165.png,55
4166.png,55
4167.png,55
4168.png,55
4169.png,55
4170.png,55
4171.png,55
4172.png,55
4173.png,55
4174.png,55
4175.png,55
4176.png,55
4177.png,55
4178.png,55
4179.png,55
4180.png,55
4181.png,55
4182.png,55
4183.png,55
4184.png,55
4185.png,55
4186.png,55
4187.png,55
4188.png,55
4189.png,55
4190.png,55
4191.png,55
4192.png,55
4193.png,55
4194.png,55
4195.png,55
4196.png,55
4197.png,55
4198.png,55
4199.png,55
4200.png,55
4201.png,55
4202.png,55
4203.png,55
4204.png,55
4205.png,55
4206.png,55
4207.png,55
4208.png,55
4209.png,55
4210.png,55
4211.png,55
4212.png,55
4213.png,55
4214.png,55
4215.png,55
4216.png,55
4217.png,55
4218.png,55
4219.png,55
4220.png,55
4221.png,55
4222.png,55
4223.png,55
4224.png,55
4225.png,55
4226.png,55
4227.png,55
4228.png,55
4229.png,55
4230.png,55
4231.png,55
4232.png,55
4233.png,55
4234.png,55
4235.png,55
4236.png,55
4237.png,55
4238.png,55
4239.png,55
4240.png,55
4241.png,55
4242.png,55
4243.png,55
4244.png,55
4245.png,55
4246.png,55
4247.png,55
4248.png,55
4249.png,55
4250.png,55
4251.png,55
4252.png,55
4253.png,55
4254.png,55
4255.png,55
4256.png,55
4257.png,55
4258.png,55
4259.png,55
4260.png,55
4261.png,55
4262.png,55
4263.png,55
4264.png,55
4265.png,55
4266.png,55
4267.png,55
4268.png,55
4269.png,55
4270.png,55
4271.png,55
4272.png,55
4273.png,55
4274.png,55
4275.png,55
4276.png,55
4277.png,55
4278.png,55
4279.png,55
4280.png,55
4281.png,55
4282.png,55
4283.png,55
4284.png,55
4285.png,55
4286.png,55
4287.png,55
4288.png,55
4289.png,55
4290.png,55
4291.png,55
4292.png,55
4293.png,55
4294.png,55
4295.png,55
4296.png,55
4297.png,55
4298.png,55
4299.png,55
4300.png,55
4301.png,55
4302.png,55
4303.png,55
4304.png,55
4305.png,55
4306.png,55
4307.png,55
4308.png,55
4309.png,55
4310.png,55
4311.png,55
4312.png,55
4313.png,55
4314.png,55
4315.png,55
4316.png,55
4317.png,55
4318.png,55
4319.png,55
4320.png,55
4321.png,55
4322.png,55
4323.png,55
4324.png,55
4325.png,55
4326.png,55
4327.png,55
4328.png,55
4329.png,55
4330.png,55
4331.png,55
4332.png,55
4333.png,55
4334.png,55
4335.png,55
4336.png,55
4337.png,55
4338.png,55
4339.png,55
4340.png,55
4341.png,55
4342.png,55
4343.png,55
4344.png,55
4345.png,55
4346.png,55
4347.png,55
4348.png,55
4349.png,55
4350.png,55
4351.png,55
4352.png,55
4353.png,55
4354.png,55
4355.png,55
4356.png,55
4357.png,55
4358.png,55
4359.png,55
4360.png,55
4361.png,55
4362.png,55
4363.png,55
4364.png,55
4365.png,55
4366.png,55
4367.png,55
4368.png,55
4369.png,55
4370.png,55
4371.png,55
4372.png,55
4373.png,55
4374.png,55
4375.png,55
4376.png,55
4377.png,55
4378.png,55
4379.png,55
4380.png,55
4381.png,55
4382.png,55
4383.png,55
4384.png,55
4385.png,55
4386.png,55
4387.png,55
4388.png,55
4389.png,55
4390.png,55
4391.png,55
4392.png,55
4393.png,55
4394.png,55
4395.png,55
4396.png,55
4397.png,55
4398.png,55
4399.png,55
4400.png,55
4401.png,55
4402.png,55
4403.png,55
4404.png,55
4405.png,55
4406.png,55
4407.png,55
4408.png,55
4409.png,55
4410.png,55
4411.png,55
4412.png,55
4413.png,55
4414.png,55
4415.png,55
4416.png,55
4417.png,55
4418.png,55
4419.png,55
4420.png,55
4421.png,55
4422.png,55
4423.png,55
4424.png,55
4425.png,55
4426.png,55
4427.png,55
4428.png,55
4429.png,55
4430.png,55
4431.png,55
4432.png,55
4433.png,55
4434.png,55
4435.png,55
4436.png,55
4437.png,55
4438.png,55
4439.png,55
4440.png,55
4441.png,55
4442.png,55
4443.png,55
4444.png,55
4445.png,55
4446.png,55
4447.png,55
4448.png,55
4449.png,55
4450.png,55
4451.png,55
4452.png,55
4453.png,55
4454.png,55
4455.png,55
4456.png,55
4457.png,55
4458.png,55
4459.png,55
4460.png,55
4461.png,55
4462.png,55
4463.png,55
4464.png,55
4465.png,55
4466.png,55
4467.png,55
4468.png,55
4469.png,55
4470.png,55
4471.png,55
4472.png,55
4473.png,55
4474.png,55
4475.png,55
4476.png,55
4477.png,55
4478.png,55
4479.png,55
4480.png,55
4481.png,55
4482.png,55
4483.png,55
4484.png,55
4485.png,55
4486.png,55
4487.png,55
4488.png,55
4489.png,55
4490.png,55
4491.png,55
4492.png,55
4493.png,55
4494.png,55
4495.png,55
4496.png,55
4497.png,55
4498.png,55
4499.png,55
4500.png,55
4501.png,55
4502.png,55
4503.png,55
4504.png,55
4505.png,55
4506.png,55
4507.png,55
4508.png,55
4509.png,55
4510.png,55
4511.png,55
4512.png,55
4513.png,55
4514.png,55
4515.png,55
4516.png,55
4517.png,55
4518.png,55
4519.png,55
4520.png,55
4521.png,55
4522.png,55
4523.png,55
4524.png,55
4525.png,55
4526.png,55
4527.png,55
4528.png,55
4529.png,55
4530.png,55
4531.png,55
4532.png,55
4533.png,55
4534.png,55
4535.png,55
4536.png,55
4537.png,55
4538.png,55
4539.png,55
4540.png,55
4541.png,55
4542.png,55
4543.png,55
4544.png,55
4545.png,55
4546.png,55
4547.png,55
4548.png,55
4549.png,55
4550.png,55
4551.png,55
4552.png,55
4553.png,55
4554.png,55
4555.png,55
4556.png,55
4557.png,55
4558.png,55
4559.png,55
4560.png,55
4561.png,55
4562.png,55
4563.png,55
4564.png,55
4565.png,55
4566.png,55
4567.png,55
4568.png,55
4569.png,55
4570.png,55
4571.png,55
4572.png,55
4573.png,55
4574.png,55
4575.png,55
4576.png,55
4577.png,55
4578.png,55
4579.png,55
4580.png,55
4581.png,55
4582.png,55
4583.png,55
4584.png,55
4585.png,55
4586.png,55
4587.png,55
4588.png,55
4589.png,55
4590.png,55
4591.png,55
4592.png,55
4593.png,55
4594.png,55
4595.png,55
4596.png,55
4597.png,55
4598.png,55
4599.png,55
4600.png,55
4601.png,55
4602.png,55
4603.png,55
4604.png,55
4605.png,55
4606.png,55
4607.png,55
4608.png,55
4609.png,55
4610.png,55
4611.png,55
4612.png,55
4613.png,55
4614.png,55
4615.png,55
4616.png,55
4617.png,55
4618.png,55
4619.png,55
4620.png,55
4621.png,55
4622.png,55
4623.png,55
4624.png,55
4625.png,55
4626.png,55
4627.png,55
4628.png,55
4629.png,55
4630.png,55
4631.png,55
4632.png,55
4633.png,55
4634.png,55
4635.png,55
4636.png,55
4637.png,55
4638.png,55
4639.png,55
4640.png,55
4641.png,55
4642.png,55
4643.png,55
4644.png,55
4645.png,55
4646.png,55
4647.png,55
4648.png,55
4649.png,55
4650.png,55
4651.png,55
4652.png,55
4653.png,55
4654.png,55
4655.png,55
4656.png,55
4657.png,55
4658.png,55
4659.png,55
4660.png,55
4661.png,55
4662.png,55
4663.png,55
4664.png,55
4665.png,55
4666.png,55
4667.png,55
4668.png,55
4669.png,55
4670.png,55
4671.png,55
4672.png,55
4673.png,55
4674.png,55
4675.png,55
4676.png,55
4677.png,55
4678.png,55
4679.png,55
4680.png,55
4681.png,55
4682.png,55
4683.png,55
4684.png,55
4685.png,55
4686.png,55
4687.png,55
4688.png,55
4689.png,55
4690.png,55
4691.png,55
4692.png,55
4693.png,55
4694.png,55
4695.png,55
4696.png,55
4697.png,55
4698.png,55
4699.png,55
4700.png,55
4701.png,55
4702.png,55
4703.png,55
4704.png,55
4705.png,55
4706.png,55
4707.png,55
4708.png,55
4709.png,55
4710.png,55
4711.png,55
4712.png,55
4713.png,55
4714.png,55
4715.png,55
4716.png,55
4717.png,55
4718.png,55
4719.png,55
4720.png,55
4721.png,55
4722.png,55
4723.png,55
4724.png,55
4725.png,55
4726.png,55
4727.png,55
4728.png,55
4729.png,55
4730.png,55
4731.png,55
4732.png,55
4733.png,55
4734.png,55
4735.png,55
4736.png,55
4737.png,55
4738.png,55
4739.png,55
4740.png,55
4741.png,55
4742.png,55
4743.png,55
4744.png,55
4745.png,55
4746.png,55
4747.png,55
4748.png,55
4749.png,55
4750.png,55
4751.png,55
4752.png,55
4753.png,55
4754.png,55
4755.png,55
4756.png,55
4757.png,55
4758.png,55
4759.png,55
4760.png,55
4761.png,55
4762.png,55
4763.png,55
4764.png,55
4765.png,55
4766.png,55
4767.png,55
4768.png,55
4769.png,55
4770.png,55
4771.png,55
4772.png,55
4773.png,55
4774.png,55
4775.png,55
4776.png,55
4777.png,55
4778.png,55
4779.png,55
4780.png,55
4781.png,55
4782.png,55
4783.png,55
4784.png,55
4785.png,55
4786.png,55
4787.png,55
4788.png,55
4789.png,55
4790.png,55
4791.png,55
4792.png,55
4793.png,55
4794.png,55
4795.png,55
4796.png,55
4797.png,55
4798.png,55
4799.png,55
4800.png,55
4801.png,55
4802.png,55
4803.png,55
4804.png,55
4805.png,55
4806.png,55
4807.png,55
4808.png,55
4809.png,55
4810.png,55
4811.png,55
4812.png,55
4813.png,55
4814.png,55
4815.png,55
4816.png,55
4817.png,55
4818.png,55
4819.png,55
4820.png,55
4821.png,55
4822.png,55
4823.png,55
4824.png,55
4825.png,55
4826.png,55
4827.png,55
4828.png,55
4829.png,55
4830.png,55
4831.png,55
4832.png,55
4833.png,55
4834.png,55
4835.png,55
4836.png,55
4837.png,55
4838.png,55
4839.png,55
4840.png,55
4841.png,55
4842.png,55
4843.png,55
4844.png,55
4845.png,55
4846.png,55
4847.png,55
4848.png,55
4849.png,55
4850.png,55
4851.png,55
4852.png,55
4853.png,55
4854.png,55
4855.png,55
4856.png,55
4857.png,55
4858.png,55
4859.png,55
4860.png,55
4861.png,55
4862.png,55
4863.png,55
4864.png,55
4865.png,55
4866.png,55
4867.png,55
4868.png,55
4869.png,55
4870.png,55
4871.png,55
4872.png,55
4873.png,55
4874.png,55
4875.png,55
4876.png,55
4877.png,55
4878.png,55
4879.png,55
4880.png,55
4881.png,55
4882.png,55
4883.png,55
4884.png,55
4885.png,55
4886.png,55
4887.png,55
4888.png,55
4889.png,55
4890.png,55
4891.png,55
4892.png,55
4893.png,55
4894.png,55
4895.png,55
4896.png,55
4897.png,55
4898.png,55
4899.png,55
4900.png,55
4901.png,55
4902.png,55
4903.png,55
4904.png,55
4905.png,55
4906.png,55
4907.png,55
4908.png,55
4909.png,55
4910.png,55
4911.png,55
4912.png,55
4913.png,55
4914.png,55
4915.png,55
4916.png,55
4917.png,55
4918.png,55
4919.png,55
4920.png,55
4921.png,55
4922.png,55
4923.png,55
4924.png,55
4925.png,55
4926.png,55
4927.png,55
4928.png,55
4929.png,55
4930.png,55
4931.png,55
4932.png,55
4933.png,55
4934.png,55
4935.png,55
4936.png,55
4937.png,55
4938.png,55
4939.png,55
4940.png,55
4941.png,55
4942.png,55
4943.png,55
4944.png,55
4945.png,55
4946.png,55
4947.png,55
4948.png,55
4949.png,55
4950.png,55
4951.png,55
4952.png,55
4953.png,55
4954.png,55
4955.png,55
4956.png,55
4957.png,55
4958.png,55
4959.png,55
4960.png,55
4961.png,55
4962.png,55
4963.png,55
4964.png,55
4965.png,55
4966.png,55
4967.png,55
4968.png,55
4969.png,55
4970.png,55
4971.png,55
4972.png,55
4973.png,55
4974.png,55
4975.png,55
4976.png,55
4977.png,55
4978.png,55
4979.png,55
4980.png,55
4981.png,55
4982.png,55
4983.png,55
4984.png,55
4985.png,55
4986.png,55
4987.png,55
4988.png,55
4989.png,55
4990.png,55
4991.png,55
4992.png,55
4993.png,55
4994.png,55
4995.png,55
4996.png,55
4997.png,55
4998.png,55
4999.png,55
5000.png,55
5001.png,55
5002.png,55
5003.png,55
5004.png,55
5005.png,55
5006.png,55
5007.png,55
5008.png,55
5009.png,55
5010.png,55
5011.png,55
5012.png,55
5013.png,55
5014.png,55
5015.png,55
5016.png,55
5017.png,55
5018.png,55
5019.png,55
5020.png,55
5021.png,55
5022.png,55
5023.png,55
5024.png,55
5025.png,55
5026.png,55
5027.png,55
5028.png,55
5029.png,55
5030.png,55
5031.png,55
5032.png,55
5033.png,55
5034.png,55
5035.png,55
5036.png,55
5037.png,55
5038.png,55
5039.png,55
5040.png,55
5041.png,55
5042.png,55
5043.png,55
5044.png,55
5045.png,55
5046.png,55
5047.png,55
5048.png,55
5049.png,55
5050.png,55
5051.png,55
5052.png,55
5053.png,55
5054.png,55
5055.png,55
5056.png,55
5057.png,55
5058.png,55
5059.png,55
5060.png,55
5061.png,55
5062.png,55
5063.png,55
5064.png,55
5065.png,55
5066.png,55
5067.png,55
5068.png,55
5069.png,55
5070.png,55
5071.png,55
5072.png,55
5073.png,55
5074.png,55
5075.png,55
5076.png,55
5077.png,55
5078.png,55
5079.png,55
5080.png,55
5081.png,55
5082.png,55
5083.png,55
5084.png,55
5085.png,55
5086.png,55
5087.png,55
5088.png,55
5089.png,55
5090.png,55
5091.png,55
5092.png,55
5093.png,55
5094.png,55
5095.png,55
5096.png,55
5097.png,55
5098.png,55
5099.png,55
